index,provider_number,name,address_1,address_2,address_3,city,state,zip,county,phone,type,owner,emergency_service,condition,measure_name
1,10018,callahan eye foundation hospital,1720 university blvd,empty,empty,birmingham,al,35233,jefferson,2053258100,acute care hospitals,voluntary non-profit - private,yes,surgical infection prevention,surgery patients who were taking heart drugs caxxed beta bxockers before coming to the hospitax who were kept on the beta bxockers during the period just before and after their surgery
2,10018,callahan eye foundation hospital,1720 university blvd,empty,empty,birmingham,al,35233,jefferson,2053258100,acute care hospitals,voluntary non-profit - private,yes,surgical infection prevention,surgery patients who were given an antibiotic at the right time (within one hour before surgery) to help prevent infection
3,10018,callahan eye foundation hospital,1720 university blvd,empty,empty,birmingham,al,35233,jefferson,2053258100,acute care hospitals,voluntary non-profit - private,yes,surgical infection prevention,surgery patients who were given the  right kind  of antibiotic to help prevent infection
4,10018,callahan eye foundation hospital,1720 university blvd,empty,empty,birminghxm,al,35233,jefferson,2053258100,acute care hospitals,voluntary non-profit - private,yes,surgical infection prevention,surgery patients whose preventive antibiotics were stopped at the right time (within 24 hours after surgery)
5,10018,callahan eye foundation hospital,1720 university blvd,empty,empty,birmingham,al,35233,jefferson,2053258100,acute care hospitals,voluntary non-profit - private,yes,surgical infection prevention,all heart surgery patients whose blood sugar (blood glucose) is kept under good control in the days right after surgery
6,10018,callahan eye foundation hospital,1720 university blvd,empty,empty,birmingham,al,35233,jefferson,2053258100,acute care hospitals,voluntary non-profit - private,yes,surgical infection prevention,surgery patients needing hair removed from the surgical area before surgery who had hair removed using a safer method (electric clippers or hair removal cream c not a razor)
7,10018,callahan eye foundation hospital,1720 university blvd,empty,empty,birmingham,al,35233,jefferson,2053258100,acute care hospitals,voluntary non-profit - private,yes,surgical infection prevention,surgery patients whose doctors ordered treatments to prevent blood clots after certain types of surgeries
8,10018,callahan eye foundation hospital,1720 university blvd,empty,empty,birmingxam,al,35233,jefferson,2053258100,acute care hospitals,voluntary non-profit - private,yes,surgical infection prevention,patients who got treatment  at the right time (within 24 hours before or after their surgery) to help prevent blood clots after certain types of surgery
9,10019,helen keller memorial hospital,1300 south montgomery avenue,empty,empty,sheffield,al,35660,jefferson,2563864556,acute care hospitals,government - hospital district or authority,yes,heart attack,heart attack patients given aspirin at arrival
10,10019,helen keller memorial hospital,1300 south montgomery avenue,empty,empty,sheffield,al,35660,jefferson,2563864556,acute care hospitals,government - hospital district or authority,yes,heart attack,heart attack patients given aspirin at discharge
11,10019,helen keller memorial hospital,1300 south montgomery avenue,empty,empty,sheffxeld,al,35660,jefferson,2563864556,acute care hospitals,government - hospital district or authority,yes,heart attack,heart attack patients given ace inhibitor or arb for left ventricular systolic dysfunction (lvsd)
12,10019,helen keller memorial hospital,1300 south montgomery avenue,empty,empty,sheffield,al,35660,jefferson,2563864556,acute care hospitals,government - hospital district or authority,yes,heart attack,heart attack patients given smoking cessation advice/counseling
13,10019,helen keller memorial hospital,1300 south montgomery avenue,empty,empty,sheffield,al,35660,jefferson,2563864556,acute care hospitals,government - hospital district or authority,yes,heart attack,heart attack patients given beta blocker at discharge
14,1xx19,helen keller memorial hospital,1300 south montgomery avenue,empty,empty,sheffield,al,35660,jefferson,2563864556,acute care hospitals,government - hospital district or authority,yes,heart attack,heart attack patients given fibrinolytic medication within 30 minutes of arrival
15,10019,helen keller memorial hospital,1300 south montgomery avenue,empty,empty,sheffield,al,35660,jefferson,2563864556,acute care hospitals,government - hospital district or authority,yes,heart attack,heart attack patients given pci within 90 minutes of arrival
16,10019,helen keller memorial hospital,1300 south montgomery avenue,empty,empty,sheffield,al,35660,jefferson,2563864556,acute care hospitals,government - hospital district or authority,yes,heart failure,heart failure patients given discharge instructions
17,10019,helen keller memorial hospital,1300 south montgomery avenue,empty,empty,sheffield,al,35660,jefferson,2563864556,acuxe care hospixals,government - hospital district or authority,yes,heart failure,heart failure patients given an evaluation of left ventricular systolic (lvs) function
18,10019,helen keller memorial hospital,1300 south montgomery avenue,empty,empty,sheffield,al,35660,jefferson,2563864556,acute care hospitals,government - hospital district or authority,yes,heart failure,heart failure patients given ace inhibitor or arb for left ventricular systolic dysfunction (lvsd)
19,10019,helen keller memorial hospital,1300 south montgomery avenue,empty,empty,sheffield,al,35660,jefferson,2563864556,acute care hospitals,government - hospital district or authority,yes,heart failure,heart failure patients given smoking cessation advice/counseling
20,10001,southeast alabama medical center,1108 ross clark circle,empty,empty,dothan,al,36302,houston,3347938701,acute care hospitals,government - hospital district or authority,yes,heart attack,heart attack patients given aspirin at arrival
21,10001,southeast alabama medical center,1108 ross clark circle,empty,empty,dothan,al,36302,houston,3347938701,acute care hospitals,government - hospital district or authority,yes,heart attack,heart attack patients given aspirin at discharge
22,10001,southeast alabama medical center,1108 ross clark circle,empty,empty,dothan,al,36302,houston,3347938701,acute care hospitals,government - hospital district or authority,yes,heart attaxk,heart attack patients given ace inhibitor or arb for left ventricular systolic dysfunction (lvsd)
23,10001,southeast alabama medical center,1108 ross clark circle,empty,empty,dothan,al,36302,houston,3347938701,acute care hospitals,government - hospxtal dxstrxct or authorxty,yes,hearx axxack,heart attack patients given smoking cessation advice/counseling
24,10001,southeast alabama medical center,1108 ross clark circle,empty,empty,dothan,al,36302,houston,3347938701,acute care hospitals,government - hospital district or authority,yes,heart attack,heart attack patients given beta blocker at discharge
25,10001,southeast alabama medical center,1108 ross clark circle,empty,empty,dothan,al,36302,houston,334793870x,acute care hospitals,government - hospital district or authority,yxs,heart attack,heart attack patients given fibrinolytic medication within 30 minutes of arrival
26,10001,southeast alabama medical center,1108 ross clark circle,empty,empty,dothan,al,36302,houston,3347938701,acute care hospitals,government - hospital district or authority,yes,heart attack,heart attack patients given pci within 90 minutes of arrival
27,10001,southeast alabama medxcal center,1108 ross clark circle,empty,empty,dothan,al,36302,houston,3347938701,acute care hospitals,government - hospital district or authority,yes,heart failure,heart failure patients given discharge instructions
28,10001,southeast alabama medical center,1108 ross clark circle,empty,empty,dothan,al,36302,houston,3347938701,acute care hospitals,government - hospital xistrict or authority,yes,heart failure,heart failure patients given an evaluation of left ventricular systolic (lvs) function
29,10001,southeast alabama medical center,1108 ross clark circle,empty,empty,dothan,al,36302,houston,3347938701,acute care hospitals,government - hospital district or authority,yes,heart failure,heart failure patients given ace inhibitor or arb for left ventricular systolic dysfunction (lvsd)
30,10001,southeast alabama medical center,1108 ross clark circle,empty,empty,dothan,al,36302,houston,3347938701,acute care hospitals,government - hospital district or authority,yes,heart failure,heart failure patients given smoking cessation advice/counseling
31,10001,southeast alabama medical center,1108 ross clark circle,empty,empty,dothan,al,36302,houston,3347938701,acute care hospitals,government - hospital district or authority,yes,pneumonia,pneumonia patients assessed and given pneumococcal vaccination
32,10001,southeast alabama medical center,1108 ross clark circle,empty,empty,dothan,al,36302,houston,3347938701,acute care hospitals,governmenx - hospixal disxricx or auxhorixy,yes,pneumonia,pneumonia patients whose initial emergency room blood culture was performed prior to the administration of the first hospital dose of antibiotics
33,10001,southeast alabama medical center,1108 ross clark circle,empty,empty,dothan,al,36302,houston,3347938701,acute care hospitals,government - hospital district or authority,yes,pneumonia,pneumonia patients given smoking cessation advice/counseling
34,10001,southeast alabama medical center,1108 ross clark circle,empty,empty,dothan,al,36302,houston,3347938701,acute care hospitals,government - hospital district or authority,yes,pneumonia,pneumonia patients given initial antibiotic(s) within 6 hours after arrival
35,10001,southeast alabama medical center,1108 ross clark circle,empty,empty,dothan,al,36302,houston,3347938701,acute care hospitals,government - hospital district or authority,yes,pneumonia,pneumonia patients given the most appropriate initial antibiotic(s)
36,10001,southeast alabama medical center,1108 ross clark circle,empty,empty,dothan,al,36302,houston,3347938701,acute care hospitals,government - hospital district or authority,yes,pneumonia,pneumonia patients assessed and given influenza vaccination
37,10001,southeast alabama medical center,1108 ross clark circle,empty,empty,dothan,al,36302,houston,xx479x8701,acute care hospitals,government - hospital district or authority,yes,surgical infection prevention,surgery patients who were taking heart drugs called beta blockers before coming to the hospital who were kept on the beta blockers during the period just before and after their surgery
38,10001,southeast alabama medical center,1108 ross clark circle,empty,empty,dothan,al,36302,houston,3347938701,acute care hospitals,government - hospital district or authority,yes,surgical infection prevention,surgery patients who were given an antibiotic at the right time (within one hour before surgery) to help prevent infection
39,10001,southeast alabama medical center,1108 ross clark circle,empty,empty,dothan,al,36302,houston,3347938701,acute care hospitals,government - hospital district or authority,yes,surgical infection prevention,surgery patients who were given the  right kind  of antibiotic to help prevent infection
40,10001,southeast alabama medical center,1108 ross clark circle,empty,empty,dothan,al,36302,houston,3347938701,acxte care hospitals,government - hospital district or authority,yes,surgical infection prevention,surgery patients whose preventive antibiotics were stopped at the right time (within 24 hours after surgery)
41,10001,southeast alabama medical center,1108 ross clark circle,empty,empty,dothan,al,36302,houston,3347938701,acute care hospitals,government - hospital district or authority,yes,surgical infection prevention,all heart surgery patients whose blood sugar (blood glucose) is kept under good control in the days right after surgery
42,10001,southeast alabama medical center,1108 ross clark circle,empty,empty,dothan,al,36302,houston,3347938701,acute care hospitals,government - hospital district or authority,yes,surgical infection prevention,surgery patients needing hair removed from the surgical area before surgery who had hair removed using a safer method (electric clippers or hair removal cream c not a razor)
43,10001,southeast alabama medical center,1108 ross clark circle,empty,empty,dothan,xl,36302,houston,3347938701,acute care hospitals,gxvernment - hxspital district xr authxrity,yes,surgical infection prevention,surgery patients whose doctors ordered treatments to prevent blood clots after certain types of surgeries
44,10001,southeast alabama medical center,1108 ross clark circle,empty,empty,dothan,al,36302,houston,3347938701,acute care hospitals,government - hospital district or authority,yex,surgical infection prevention,patients who got treatment  at the right time (within 24 hours before or after their surgery) to help prevent blood clots after certain types of surgery
45,10005,marshall medical center south,2505 u s highway 431 north,empty,empty,boaz,al,x5957,marshall,2565938310,acute care hospitals,government - hospital district or authority,yes,heart attack,heart attack patients given aspirin at arrival
46,x0005,marshall medical center south,2505 u s highway 431 north,empty,empty,boaz,al,35957,marshall,2565938310,acute care hospitals,government - hospital district or authority,yes,heart attack,heart attack patients given aspirin at discharge
47,10005,marshall medical center south,2505 u s highway 431 north,empty,empty,boaz,xl,35957,marshall,2565938310,acute care hospitals,government - hospital district or authority,yes,heart attack,heart attack patients given ace inhibitor or arb for left ventricular systolic dysfunction (lvsd)
48,10005,marshall medical center south,2505 u s highway 431 north,empty,empty,boaz,al,35957,marshall,2565938310,acute care hospitals,government - hospital district or authority,yes,heart attack,heart attack patients given smoking cessation advice/counseling
49,10005,marshall medical center south,2505 u s highway 431 north,empty,empty,boaz,al,35957,marshall,2565938310,acute care hospitals,government - hospital district or authority,yes,heart attack,heart attack patients given beta blocker at discharge
50,10005,marshall medical center south,2505 u s highway 431 north,empty,empty,boaz,al,35957,marshall,2565938310,acute care hospitals,government - hospital district or authority,yes,heart attack,heart attack patients given fibrinolytic medication within 30 minutes of arrival
51,10005,marshall medical center south,2505 u s highway 431 north,empty,empty,boaz,xl,35957,marshall,2565938310,acute care hospitals,government - hospital district or authority,yes,heart attack,heart attack patients given pci within 90 minutes of arrival
52,10005,marshall medical center south,2505 u s highway 431 north,empty,empty,boaz,al,35957,marshall,2565938310,acute care hospitals,government - hospital district or authority,yxs,heart failure,heart failure patients given discharge instructions
53,10005,marshall medical center south,2505 u s highway 431 north,empty,empty,boaz,al,35957,marshall,2565938310,acute care hospitals,government - hospital district or authority,yes,heart failure,heart failure patients given an evaluation of left ventricular systolic (lvs) function
54,10005,marshall medical center south,2505 u s highway 431 north,empty,empty,boaz,al,35957,marshall,2565938310,acute care hospitals,government - hospital district or authority,yes,heart failure,heart failure patients given ace inhibitor or arb for left ventricular systolic dysfunction (lvsd)
55,10005,marshall medical center south,2505 u s highway 431 north,empty,empty,boaz,al,35957,marshall,2565938310,acute care hospitals,government - hospital district or authority,yes,heart failure,heart failure patients given smoking cessation advice/counseling
56,10005,marshall medical center south,2505 u s highway 431 north,empty,empty,boaz,al,35957,marshall,2565938310,acute care hospitals,government - hospital district or authority,yes,pneumonia,pneumonia patients assessed and given pneumococcal vaccination
57,10005,marshall medical center south,2505 u s highway 431 north,empty,empty,boxz,al,35957,marshall,2565938310,acute care hospitals,government - hospital district or authority,yes,pneumonia,pneumonia patients whose initial emergency room blood culture was performed prior to the administration of the first hospital dose of antibiotics
58,10005,marshall medical center south,2505xuxsxhighwayx431xnorth,empty,empty,boaz,al,35957,marshall,2x6x938310,acute care hospitals,government - hospital district or authority,yes,pneumonia,pneumonia patients given smoking cessation advice/counseling
59,10005,marshall medical center south,2505 u s highway 431 north,empty,empty,boaz,al,35957,marshall,2565938310,acute care hospitals,government - hospital district or authority,yes,pneumonia,pneumonia patients given initial antibiotic(s) within 6 hours after arrival
60,10005,marshall medical center south,2505 u s highway 431 north,empty,empty,boaz,al,35957,marshall,2565938310,acute care hospitals,government - hospital district or authority,yes,pneumonia,pneumonia patients given the most appropriate initial antibiotic(s)
61,10005,marshall medical center south,2505 u s highway 431 north,empty,empty,boaz,al,35957,marshall,2x6x938310,acute care hospitals,government - hospital district or authority,yes,pneumonia,pneumonia patients assessed and given influenza vaccination
62,10005,marshall medical center south,2505 u s highway 431 north,empty,empty,boaz,al,35957,marshall,2565938310,acute care hospitals,government - hospital district or authority,yes,surgical infection prevention,surgery patients who were taking heart drugs called beta blockers before coming to the hospital who were kept on the beta blockers during the period just before and after their surgery
63,10005,marshall medical center south,2505 u s highway 431 north,empty,empty,boaz,al,35957,marshall,2565938310,acute care hospitals,government - hospital district or authority,yes,surgical infection prevention,surgery patients who were given an antibiotic at the right time (within one hour before surgery) to help prevent infection
64,10005,marshall medical center south,2505 u s highway 431 north,empty,empty,boaz,al,3595x,marshall,2565938310,acute care hospitals,government - hospital district or authority,yes,surgical infection prevention,surgery patients who were given the  right kind  of antibiotic to help prevent infection
65,10005,marshall medical center south,2505 u s highway 431 north,empty,empty,boaz,al,35957,marshall,2565938310,acute care hospitals,government - hospital district or authority,yes,surgical infection prevention,surgery patients whose preventive antibiotics were stopped at the right time (within 24 hours after surgery)
66,10005,marshall medical center south,2505 u s highway 431 north,empty,empty,boaz,al,35957,marshall,2565x38310,acute care hospitals,government - hospital district or authority,yes,surgical infection prevention,all heart surgery patients whose blood sugar (blood glucose) is kept under good control in the days right after surgery
67,10005,marshall medical center south,2505 u s highway 431 north,empty,empty,boaz,al,35957,marshall,2565938310,acute care hospitals,government - hospital district or authority,yes,surgical infection prevention,surgery patients needing hair removed from the surgical area before surgery who had hair removed using a safer method (electric clippers or hair removal cream c not a razor)
68,10005,marshall medical center south,2505 u s highway 431 north,empty,empty,boaz,al,35957,mxrshxll,2565938310,acute care hospitals,government - hospital district or authority,yes,surgical infection prevention,surgery patients whose doctors ordered treatments to prevent blood clots after certain types of surgeries
69,10005,marshall medical center south,2505 u s highway 431 north,empty,empty,boaz,al,35957,marshall,2565938310,acute care hospitals,government - hospital district or authority,yes,surgical infection prevention,patients who got treatment  at the right time (within 24 hours before or after their surgery) to help prevent blood clots after certain types of surgery
70,10006,eliza coffee memorial hospital,205 marengo street,empty,empty,florence,al,35631,lauderdale,2567688400,acute care hospitals,voluntary non-profit - other,yes,heart attack,heart attack patients given aspirin at arrival
71,10006,eliza coffee memorial hospital,205 marengo street,empty,empty,florence,al,3563x,lauderdale,2567688400,acute care hospitals,voluntary non-profit - other,yes,heart attack,heart attack patients given aspirin at discharge
72,10006,eliza coffee memorial hospital,205 marengo street,empty,empty,florence,al,35631,lauderdale,2567688400,acute care hospitals,voluntary non-profit - other,yes,heart attack,heart attack patients given ace inhibitor or arb for left ventricular systolic dysfunction (lvsd)
73,10006,eliza coffee memorial hospital,205 marengo street,empty,empty,florence,al,35631,laudxrdalx,2567688400,acute care hospitals,voluntary non-profit - other,yes,heart attack,heart attack patients given smoking cessation advice/counseling
74,10006,eliza coffee memorial hospital,205 marengo street,empty,empty,florence,al,35631,lauderdale,2567688400,acute care hospitals,voluntary non-profit - other,yes,hearx axxack,heart attack patients given beta blocker at discharge
75,10006,eliza coffee memorial hospital,205 marengo street,empty,empty,florence,al,35631,lauderdale,2567688400,acute care hospitals,voluntary non-profit - other,yes,heart attack,heart attack patients given fibrinolytic medication within 30 minutes of arrival
76,10006,eliza coffee memorial hospital,205 marengo street,empty,empty,florence,al,35631,lauderdale,2567688400,acute care hospitals,voluntary non-profit - other,yes,heart attack,heart attack patients given pci within 90 minutes of arrival
77,10006,eliza coffee memorial hospital,205 marengo street,empty,empty,florence,al,35631,lauderdale,2567688400,acute care hospitals,voluntary non-profit - other,yes,heart failure,heart failure patients given discharge instructions
78,10006,eliza coffee memorial hospital,205 marengo street,empty,empty,florence,al,35631,laudexdale,2567688400,acute care hospitals,voluntary non-profit - other,yes,heart failure,heart failure patients given an evaluation of left ventricular systolic (lvs) function
79,10006,eliza coffee memorial hospital,205 marengo street,empty,empty,florence,al,35631,lauderdale,2567688400,acute care hospitals,voluntary non-profit - other,yes,heart failure,heart failure patients given ace inhibitor or arb for left ventricular systolic dysfunction (lvsd)
80,10006,eliza coffee memorial hospital,205 marengo street,empty,empty,fxorence,al,35631,lauderdale,2567688400,acute care hospitals,voluntary non-profit - other,yes,heart failure,heart failure patients given smoking cessation advice/counseling
81,10006,eliza coffee memorial hospital,205 marengo street,empty,empty,florence,al,35631,lauderdale,2567688400,acute care hospitals,voluntary non-profit - other,yes,pneumonia,pneumonia patients assessed and given pneumococcal vaccination
82,1000x,eliza coffee memorial hospital,205 marengo street,empty,empty,florence,al,35631,lauderdale,2567688400,acute care hospitals,voluntary non-profit - other,yes,pneumonia,pneumonia patients whose initial emergency room blood culture was performed prior to the administration of the first hospital dose of antibiotics
83,10006,eliza coffee memorial hospital,205 marengo street,empty,empty,florence,al,35631,lauderdale,2567688400,acute care hospitals,voluntary non-profit - other,yes,pneumonia,pneumonia patients given smoking cessation advice/counseling
84,10006,eliza coffee memorial hospital,205 marengo street,empty,empty,florence,xl,35631,lauderdale,2567688400,acute care hospitals,voluntary non-profit - other,yes,pneumonia,pneumonia patients given initial antibiotic(s) within 6 hours after arrival
85,10006,eliza coffee memorial hospital,205 marengo street,empty,empty,florence,al,35631,lauderdale,2567688400,acute care hospitals,voluntary non-profit - other,yes,pneumonia,pneumonia patients given the most appropriate initial antibiotic(s)
86,10006,eliza coffee memorial hospital,205 marengo street,empty,empty,florence,al,35631,lauderdale,2567688400,acute care hospitals,voluntary non-profit - other,yes,pneumonia,pneumonia patients assessed and given influenza vaccination
87,10006,eliza coffee memorial hospital,205 marengo street,empty,empty,florence,al,35631,lauderdale,2567688400,acute care hospitals,voluntary non-profit - other,yes,surgical infection prevention,surgery patients who were taking heart drugs called beta blockers before coming to the hospital who were kept on the beta blockers during the period just before and after their surgery
88,10006,eliza coffee memorial hospital,205 marengo street,empty,empty,florence,al,35631,lauderdale,2567688400,acute care hospitals,voluntary non-profit - other,yes,surgical infection prevention,surgery patients who were given an antibiotic at the right time (within one hour before surgery) to help prevent infection
89,10006,eliza coffee memorial hospital,205 marengo street,empty,empty,florxncx,al,35631,lauderdale,2567688400,acute care hospitals,voluntary non-profit - other,yes,surgical infection prevention,surgery patients who were given the  right kind  of antibiotic to help prevent infection
90,10006,eliza coffee memorial hospital,205 marengo street,empty,empty,florence,al,35631,lauderdale,2567688400,acute care hospitals,voluntary non-profit - other,yes,surgical infection prevention,surgery patients whose preventive antibiotics were stopped at the right time (within 24 hours after surgery)
91,10006,eliza coffee memorial hospital,205 marengo street,empty,empty,florence,al,35631,lauderdale,2567688400,acute care hospitals,voluntary non-profit - other,yes,surgical infection prevention,all heart surgery patients whose blood sugar (blood glucose) is kept under good control in the days right after surgery
92,10006,eliza coffee memorial hospital,205 marengo street,empty,empty,florence,al,35631,lauderdale,2567688400,acute care hospitals,voluntary non-profit - other,yes,surgical infection prevention,surgery patients needing hair removed from the surgical area before surgery who had hair removed using a safer method (electric clippers or hair removal cream c not a razor)
93,10006,eliza coffee memorial hospital,205 marengo street,empty,empty,florence,al,35631,lauderdale,2567688400,acute care hospitals,voluntary non-profit - other,yes,surgical infection prevention,surgery patients whose doctors ordered treatments to prevent blood clots after certain types of surgeries
94,10006,eliza coffee memorial hospital,205 marengo street,empty,empty,flxrence,al,3563x,lauderdale,2567688400,acute care hospitals,voluntary non-profit - other,yes,surgical infection prevention,patients who got treatment  at the right time (within 24 hours before or after their surgery) to help prevent blood clots after certain types of surgery
95,10007,mizell memorial hospital,702xnxmainxst,empty,empty,opp,al,36467,covington,3344933541,acute care hospitals,voluntary non-profit - private,no,heart attack,xeart attack patients given aspirin at arrival
96,10007,mizell memorial hospital,702 n main st,empty,empty,opp,al,36467,covington,3344933541,acute care hospitals,voluntary non-profit - private,no,heart attack,heart attack patients given aspirin at discharge
97,10007,mizell memorial hospital,702 n main st,empty,empty,opp,al,36467,covington,3344933541,acute care hospitals,voluntary non-profit - private,no,heart attack,heart attack patients given ace inhibitor or arb for left ventricular systolic dysfunction (lvsd)
98,10007,mizell memorial hospital,702 n main st,empty,empty,opp,al,36467,covington,3344933541,acute care hospitals,voluntary non-profit - private,no,heart attack,heart attack patients given smoking cessation advice/counseling
99,10007,mizell memorial hospital,702 n main st,empty,empty,opp,xl,36467,covington,3344933541,acute care hosxitals,voluntary non-profit - private,no,heart attack,heart attack patients given beta blocker at discharge
100,10007,mizell memorial hospital,702 n main st,empty,empty,opp,al,36467,covington,3344933541,acute care hospitals,voluntary non-profit - private,no,heart attack,heart attack patients given fibrinolytic medication within 30 minutes of arrival
101,10007,mizell memorial hospital,702 n main st,empty,empty,opp,al,36467,covington,3344933541,acute care hospitals,voluntary non-profit - private,no,heart attack,heart attack patients given pci within 90 minutes of arrival
102,10007,mizell memorial hospital,702 n main st,empty,empty,opp,al,36467,covington,3344x33541,acute care hospitals,voluntary non-profit - private,no,heart failure,heart failure patients given discharge instructions
103,10007,mizell memorial hospital,702 n main st,empty,empty,opp,al,36467,covington,3344933541,acute care hospitals,voluntary non-profit - private,no,heart failure,heart failure patients given an evaluation of left ventricular systolic (lvs) function
104,10007,mizell memorial hospital,702 n main st,empty,empty,opp,al,36467,covington,3344933541,acute care hospitals,voluntary non-profit - private,no,heart failure,heart failure patients given ace inhibitor or arb for left ventricular systolic dysfunction (lvsd)
105,10007,mizell memorial hospital,702 n main st,empty,empty,opp,al,36467,covington,3344933541,acute care hospitals,voluntary non-profit - private,no,heart failure,heart failure patients given smoking cessation advice/counseling
106,10007,mizell memorial hospital,702 n main st,empty,empty,opp,al,36467,covington,3344933541,acute care hospitals,voluntary non-profit - private,no,pneumonia,pneumonia patients assessed and given pneumococcal vaccination
107,10007,mizell memorial hospital,702 x maix st,empty,empty,opp,al,36467,covington,3344933541,acute care hospitals,voluntary non-profit - private,no,pneumonia,pneumonia patients whose initial emergency room blood culture was performed prior to the administration of the first hospital dose of antibiotics
108,10007,mizell memorial hospital,702 n main st,empty,empty,opp,al,36467,covington,3344933541,acute care hospitals,voluntary non-profit - private,no,pneumonia,pneumonia patients given smoking cessation advice/counseling
109,10007,mizell memorial hospital,702 n main st,empty,empty,opp,al,36467,covington,3344933541,acute care hospitals,voluntary non-profit - private,no,pneumonia,pneumonia patients given initial antibiotic(s) within 6 hours after arrival
110,10007,mizell memorial hospital,702 n main st,empty,empty,opp,al,36467,covington,3344933541,acute care hospitals,voluntary non-profit - private,no,pneumonia,pneumonia patients given the most appropriate initial antibiotic(s)
111,10007,mizell memorial hospital,702 n main st,empty,empty,opp,al,36467,covington,3344933541,acute care hospitals,voluntary non-profit - private,no,pneumonia,pneumonia patients assessed and given influenza vaccination
112,10007,mizell memorial hospital,702 n main st,empty,empty,opp,al,36467,covington,3344933541,acute care hospitals,voluntary non-profit - private,no,surgical infection prevention,surgery patiexts who were takixg heart drugs called beta blockers before comixg to the hospital who were kept ox the beta blockers durixg the period just before axd after their surgery
113,10007,mizell memorial hospital,702 n main st,empty,empty,opp,al,36467,covington,3344933541,acute care hospitals,voluntary non-profit - private,no,surgical infection prevention,surgery patients who were given an antibiotic at the right time (within one hour before surgery) to help prevent infection
114,10007,mizell memorial hospital,702 n main st,empty,empty,opp,al,36467,covington,3344933541,acute care hospitals,volunxary non-profix - privaxe,no,surgical infection prevention,surgery patients who were given the  right kind  of antibiotic to help prevent infection
115,10007,mizell memorial hospital,702 n main st,empty,empty,opp,al,36467,covington,3344933541,acute care hospitals,voluntary non-profit - private,no,surgical infection prevention,surgery patients whose preventive antibiotics were stopped at the right time (within 24 hours after surgery)
116,10007,mizell memorial hospital,702 n main st,empty,empty,opp,al,36467,covington,3344933541,acute care hospitals,voluntary non-profit - private,no,surgical infection prevention,all heart surgery patients whose blood sugar (blood glucose) is kept under good control in the days right after surgery
117,10007,mizell memorial hospital,702 n main st,empty,empty,opp,al,36467,covington,3344933541,acute care hospitals,voluntary non-profit - private,no,surgical infection prevention,surgery patients needing hair removed from the surgical area before surgery who had hair removed using a safer method (electric clippers or hair removal cream c not a razor)
118,10007,mizell memorial hospital,702 n main st,empty,empty,opp,al,36467,covington,3344933541,acute care hospitals,voluntary non-profit - private,no,surgical infection prevention,surgery patients whose doctors ordered treatments to prevent blood clots after certain types of surgeries
119,10007,mizell memorial hospital,702 n main st,empty,empty,opp,al,36467,covington,3344933541,acute care hospitals,voluntary non-profit - private,no,surgical infection prevention,patients who got treatment  at the right time (within 24 hours before or after their surgery) to help prevent blood clots after certain types of surgery
120,10008,crenshaw community hospital,101 hospital circle,empty,empty,luverne,ax,36049,crenshaw,3343353374,acute care hospitals,government - federal,yes,heart attack,heart attack patients given aspirin at arrivax
121,10008,crenshaw community hospital,101 hospital circle,empty,empty,luverne,al,36049,crenshaw,3343353374,acute care hospitals,government - federal,yes,heart attack,heart attack patients given aspirin at discharge
122,10008,crenshaw community hospital,101 hospital circle,empty,empty,luverne,al,36049,crenshaw,3343353374,acute care hospitals,government - federal,yes,heart attack,heart attack patients given ace inhibitor or arb for left ventricular systolic dysfunction (lvsd)
123,10008,crenshaw community hospital,101 hospital circle,empty,empty,luverne,al,36049,crenshaw,3343353374,acute care hospitals,government - federal,yes,heart attack,heart attack patients given smoking cessation advice/counseling
124,10008,crenshaw community hospital,101 hospital circle,empty,empty,luverne,al,36049,crenshaw,3343353374,acute care hospitals,government - federal,yes,heart attack,heart attack patients given beta blocker at discharge
125,10008,crenshaw community hospital,101 hospital circle,empty,empty,luverne,al,36049,crenshaw,3343353374,acute care hospitals,government - federal,yes,heart attack,heart attack patients given fibrinolytic medication within 30 minutes of arrival
126,10008,crenshaw community hospital,101 hospital circle,empty,empty,luverne,al,36049,crenshaw,3343353374,acute care hospitals,government - federal,yes,heart attack,heart attack patients given pci within 90 minutes of arrival
127,10008,crenshaw community hospital,101 hospital circle,empty,empty,luverne,al,36049,crenshaw,3343353374,acute care hospitals,government - federal,yes,heart failure,heart failure patients given discharge instructions
128,10008,crenshaw community hospital,101 hospital circle,empty,empty,luverne,al,36049,crenshaw,3343353374,acute care hospitals,government - federal,yes,heaxt failuxe,heart failure patients given an evaluation of left ventricular systolic (lvs) function
129,10008,crenshaw community hospital,101 hospital circle,empty,empty,luverne,al,36049,crenshaw,3343353374,acute care hospitals,government - federal,yes,heart failure,heart failure patients given ace inhibitor or arb for left ventricular systolic dysfunction (lvsd)
130,10008,crenshaw community hospital,101 hospital circle,empty,empty,luverne,al,36049,crenshaw,3343353374,acute care hospitals,government - federal,yes,heart failure,heart failure patients given smoking cessation advice/counseling
131,10008,crenshaw community hospital,101 hospital circle,empty,empty,luverne,al,36049,crenshaw,3343353374,acute care hospitals,government - federal,yes,pneumonia,pneumonia patients assessed and given pneumococcal vaccination
132,10008,crenshaw cxmmunity hxspital,101 hospital circle,empty,empty,luverne,al,36049,crenshaw,3343353374,acute care hospitals,government - federal,yes,pneumonia,pneumonia patients whose initial emergency room blood culture was performed prior to the administration of the first hospital dose of antibiotics
133,10008,crenshaw community hospital,101 hospital circle,empty,empty,luverne,al,36049,crenshaw,3343353374,acute care hospitals,government - federal,yes,pneumonia,pneumonia patients given smoking cessation advice/counseling
134,10008,crenshaw community hospital,101 hospital circle,empty,empty,luverne,al,36049,crenshaw,3343353374,acute care hospitals,government - federal,yes,pneumonia,pneumonia patients given initial antibiotic(s) within 6 hours after arrival
135,10008,crenshaw community hospital,101 hospital circle,empty,empty,luverne,al,36049,crenshaw,3343353374,acute care hospitals,government - federal,yes,pneumonia,pneumonia patients given the most appropriate initial antibiotic(s)
136,10008,crenshaw community hospital,101 hospital circle,empty,empty,luverne,al,36049,crenshaw,3343353374,acute care hospitals,government - federal,yes,pneumonia,pneumonia patients assessed and given influenza vaccination
137,10008,crenshaw community hospital,101 hospital circle,empty,empty,luverne,al,36049,crxnshaw,3343353374,acute care hospitals,government - federal,yes,surgical infection prevention,surgery patients who were taking heart drugs called beta blockers before coming to the hospital who were kept on the beta blockers during the period just before and after their surgery
138,10008,crenshaw community hospital,101 hospital circle,empty,empty,luverne,al,36x49,crenshaw,3343353374,acute care hospitals,government - federal,yes,surgical infection prevention,surgery patients who were given an antibiotic at the right time (within one hour before surgery) to help prevent infection
139,10008,crenshaw community hospital,101 hospital circle,empty,empty,luverne,al,36049,crenshaw,3343353374,acute care hospitals,government - federal,yes,surgical infection prevention,surgery patients who were given the  right kind  of antibiotic to help prevent infection
140,10008,crenshaw community hospital,101 hospital circle,empty,empty,luverne,al,360x9,crenshaw,3343353374,acute care hospitals,government - federal,yes,surgical infection prevention,surgery patients whose preventive antibiotics were stopped at the right time (within 24 hours after surgery)
141,10008,crenshaw community hospital,101 hospital circle,empty,empty,luverne,ax,36049,crenshaw,3343353374,acute care hospitals,government - federal,yes,surgical infection prevention,all heart surgery patients whose blood sugar (blood glucose) is kept under good control in the days right after surgery
142,10008,crenshaw community hospital,101 hospital circle,empty,empty,luverne,al,36049,crenshaw,3343353374,acute care hospitals,government - federal,yes,surgical infection prevention,surgery patients needing hair removed from the surgical area before surgery who had hair removed using a safer method (electric clippers or hair removal cream c not a razor)
143,10008,crenshaw community hospital,101 hospital circle,empty,empty,luverne,al,36049,crenshaw,3343353374,acute care hospitals,government - federal,yes,surgical infection prevention,surgery patients whose doctors ordered treatments to prevent blood clots after certain types of surgeries
144,10008,crenshaw community hospital,101 hospital circle,empty,empty,luverne,al,36049,crenshaw,3343353374,acute care hospitals,government - federal,yes,surgical infection prevention,patients who got treatment  at the right time (within 24 hours before or after their surgery) to help prevent blood clots after certain types of surgery
145,10009,hartselle medical center,201 pine street northwest,empty,empty,hartselle,al,35640,morgan,2567736511,acute care hospitals,proprietary,yes,heart attack,heart attack patients given aspirin at arrival
146,10009,hartselle medical center,201 pine street northwest,empty,empty,hartselle,al,35640,morgan,2567736511,acute care hospitals,proprietary,yes,heart attack,heart attaxk patients given aspirin at disxharge
147,10009,hartselle medical center,201 pine street northwest,empty,empty,hartselle,al,35640,morgan,2567736511,acute care hospitals,proprietary,yes,heart attack,heart attack patients given ace inhibitor or arb for left ventricular systolic dysfunction (lvsd)
148,10009,hartselle medical center,201 pine street northwest,empty,empty,hartselle,al,35640,morgan,2567736511,acute care hospitals,proprietary,yes,heart attack,heart attack patients given smoking cessation advice/counseling
149,10009,hartselle medical center,201 pine street northwest,empty,empty,hartselle,al,35640,morgan,2567736511,acute care hospitals,proprietary,yes,heart attack,heart attack patients given beta blocker at discharge
150,10009,hartselle medical center,201 pine street northwest,empty,empty,hartselle,al,3x640,morgan,2567736511,acute care hospitals,proprietary,yes,heart attack,heart attack patients given fibrinolytic medication within 30 minutes of arrival
151,10009,hartselle medical center,201 pine street northwest,empty,empty,hartselle,al,35640,morgan,2567736511,acute care hospitals,proprietary,yes,heart attack,heart attack patients given pci within 90 minutes of arrival
152,10009,hartselle medical center,201 pine street northwest,empty,empty,hartselle,al,35640,morgan,2567736511,acute care hospitals,proprietary,yes,heart failure,heart failure patients given discharge instructions
153,10009,hartselle medical center,201 pine street northwest,empty,empty,hartselle,al,35640,morgan,2567736511,acute care hospitals,proprietary,yes,heart failure,heart failure patients given an evaluation of left ventricular systolic (lvs) function
154,10009,hartselle medical center,201 pine street northwest,empty,empty,hartselle,al,35640,morgan,2567736511,acute care hospitals,proprietary,yes,heart failure,heart failure patients given ace inhibitor or arb for left ventricular systolic dysfunction (lvsd)
155,10009,hartselle medical center,201 pine street northwest,empty,empty,hartselle,al,35640,morgan,2567736511,acute care hospitals,proprietary,yes,heart failure,heart failure patients given smoking cessation advice/counseling
156,10009,hartselle medical center,201 pine street northwest,empty,empty,hartselle,al,35640,morgan,2567736511,acute care hospitals,proprietary,yes,pneumonia,pneumonia patients assessed and given pneumococcal vaccination
157,10009,hartselle medical center,201 pine street northwest,empty,empty,hartselle,al,35640,morgan,2567736511,acute care hospitals,proprietary,yes,pneumonia,pneumonia patients whose initial emergency room blood culture was performed prior to the administration of the first hospital dose of antibiotics
158,10009,hartselle medical center,201 pine street northwest,empty,empty,hartselle,al,3x640,morgan,2567736511,acute care hospitals,pxopxietaxy,yxs,pneumonia,pneumonia patients given smoking cessation advice/counseling
159,10009,hartselle medical center,201 pine street northwest,empty,empty,hartselle,al,35640,morgan,2567736511,acute care hospitals,proprietary,yes,pneumonia,pneumonia patients given initial antibiotic(s) within 6 hours after arrival
160,10009,hartselle medical center,201 pine street northwest,empty,empty,hartselle,al,35640,morgan,2567736511,acute care hospitals,proxrietary,yes,pneumonia,pneumonia patients given the most appropriate initial antibiotic(s)
161,10009,hartselle medical center,201 pine street northwest,empty,empty,hartselle,al,35640,morgan,2567736511,acute care hospitals,proprietary,yes,pneumonia,pneumonia patients assessed and given influenza vaccination
162,10009,hartselle medical center,201 pine sxreex norxhwesx,empty,empty,hartselle,al,35640,morgan,2567736511,acute care hospitals,proprietary,yes,surgical infection prevention,surgery patients who were taking heart drugs called beta blockers before coming to the hospital who were kept on the beta blockers during the period just before and after their surgery
163,10009,hartselle medical center,201 pine street northwest,empty,empty,hartselle,al,35640,morgan,2567736511,acute care hospitals,xroprietary,yes,surgical infection prevention,surgery patients who were given an antibiotic at the right time (within one hour before surgery) to help prevent infection
164,10009,hartselle medical center,201 pine street northwest,empty,empty,hartselle,al,35640,morgan,2567736511,acute care hospitals,proprietary,yes,surgical infection prevention,surgery patients who were given the  right kind  of antibiotic to help prevent infection
165,10009,hartselle medical center,201 pine street northwest,empty,empty,hartselle,al,35640,morgan,2567736511,acute care hospitals,pxopxietaxy,yes,surgical infection prevention,surgery patients whose preventive antibiotics were stopped at the right time (within 24 hours after surgery)
166,10009,hartselle medical center,201 pine street northwest,empty,empty,hartselle,ax,35640,morgan,2567736511,acute care hospitals,proprietary,yes,surgical infection prevention,all heart surgery patients whose blood sugar (blood glucose) is kept under good control in the days right after surgery
167,10009,hartselle medical center,201 pine street northwest,empty,empty,hartselle,al,35640,morgan,2567736511,acute care hospitals,proprietary,yes,surgical infection prevention,surgery patients needing hair removed from the surgical area before surgery who had hair removed using a safer method (electric clippers or hair removal cream c not a razor)
168,10009,hartselle medical center,201 pine street northwest,empty,empty,hartselle,al,35640,morgan,2567736511,acute care hospitals,proprietary,yes,surgical infection prevention,surgery patients whose doctors ordered treatments to prevent blood clots after certain types of surgeries
169,10009,hartselle medical center,201 pine street northwest,empty,empty,hartselle,al,35640,morgan,2567736511,acute care hospitals,proprietary,yes,surgical infection prevention,patients who got treatment  at the right time (within 24 hours before or after their surgery) to help prevent blood clots after certain types of surgery
170,10010,marshall medical center north,8000 alabama highway 69,empty,empty,guntersville,al,35976,marshall,2565718000,acute care hospitals,government - hospital district or authority,yes,heart attack,heart attack patients given aspirin at arrival
171,10010,marshall medical center north,8000 alabama highway 69,empty,empty,guntersville,al,35976,marshall,2565718000,acute care hospitals,government - hospital district or authority,yes,heart attack,heart attack patients given aspirin at discharge
172,10010,marshall medical cenxer norxh,8000 alabama highway 69,empty,empty,guntersville,al,35976,marshall,2565718000,acute care hospitals,government - hospital district or authority,yes,heart attack,heart attack patients given ace inhibitor or arb for left ventricular systolic dysfunction (lvsd)
173,10010,marshall medical center north,8000 alabama highway 69,empty,empty,guntersville,al,35976,marshall,2565718000,acute care hospitals,government - hospital district or authority,yes,heart attack,heart attack patients given smoking cessation advice/counseling
174,10010,marshall medical center north,8000 alabama highway 69,empty,empty,guntersville,al,35976,marshall,2565718000,acute care hospitals,government - hospital district or authority,yes,heart attack,heart attack patients given beta blocker at discharge
175,10010,marshall medical center north,8000 alabama highway 69,empty,empty,guntersville,al,35976,marshall,2565718000,acute care hospitals,government - hospital district or authority,yes,heart attack,heart attack patients given fibrinolytic medication within 30 minutes of arrival
176,10010,marshall medical center north,8000 alabama xigxway 69,empty,empty,guntersville,al,35976,marshall,2565718000,acute care hospitals,government - hospital district or authority,yes,heart attack,heart attack patients given pci within 90 minutes of arrival
177,10010,marshall medical center north,8000 alabama highway 69,empty,empty,guntersville,al,35976,marshall,2565718000,acute care hospitals,government - hospital district or authority,yes,heart failure,heart failure patients given discharge instructions
178,10010,marshall medical center north,8000 alabama highway 69,empty,empty,guntersville,al,35976,marshall,2565718000,acute care hospitals,government - hospital district or authority,yes,heart failure,heart failure patients given an evaluation of left ventricular systolic (lvs) function
179,10010,marshall medical center north,8000 alabama highway 69,empty,empty,guntersville,al,35976,marshall,2565718000,acute care hospitals,government - hospital district or authority,yes,heart failure,heart failure patients given ace inhibitor or arb for left ventricular systolic dysfunction (lvsd)
180,10010,marshall medical center north,8000 alabama highway 69,empty,empty,guntersville,al,35976,marshall,2565718000,acute care hospitals,government - hospital district or authority,yes,heart failure,heart failure patients given smoking cessation advice/counseling
181,10010,marshall medical center north,8000 alabama highway 69,empty,empty,guntxrsvillx,al,35976,marshall,2565718000,acute care hospitals,government - hospital district or authority,yes,pneumonia,pneumonia patients assessed and given pneumococcal vaccination
182,10010,marshall medical center north,8000 alabama highway 69,empty,empty,guntersville,al,35976,marshall,2565718000,acute care hospitals,government - hospital district or authority,yes,pneumonia,pneumonia patients whose initial emergency room blood culture was performed prior to the administration of the first hospital dose of antibiotics
183,10010,marshall medical center north,8000 alabama highway 69,empty,empty,guntersville,xl,35976,marshall,2565718000,acute care hospitals,government - hospital district or authority,yes,pneumonia,pneumonia patients given smoking cessation advice/counseling
184,10010,marshall medical center north,8000 alabama highway 69,empty,empty,guntersville,al,35976,marshall,2565718000,acute care hospitals,government - hospital district or authority,yes,pneumonia,pneumonia patients given initial antibiotic(s) within 6 hours after arrival
185,10010,marshall medical center north,8000 alabama highway 69,empty,empty,guntersville,al,35976,marshall,2565718000,acute care hospitals,government - hospital district or authority,yes,pneumonia,pneumonia patients given the most appropriate initial antibiotic(s)
186,10010,marshall medical center north,8000 alabama highway 69,empty,empty,guntersville,al,35976,marshall,2565718000,acute care hospitals,government - hospital district or authority,yes,pneumonia,pneumonia patients assessed and given influenza vaccination
187,10010,marshall medical center north,8000 alabama highway 69,empty,empty,guntersville,al,35976,marshall,2565718000,acute care hospitals,government - hospital district or authority,yes,surgical infection prevention,surgery patients who were taking heart drugs called beta blockers before coming to the hospital who were kept on the beta blockers during the period just before and after their surgery
188,10010,marshall medical center north,8000 alabama highway 69,empty,empty,guntersville,al,35976,marshall,2565718000,acute care hospitals,government - hospital district or authority,yes,surgical infection prevention,surgery patients who were given an antibiotic at the right time (within one hour before surgery) to help prevent infection
189,10010,marshall medical center north,8000 alabama highway 69,empty,empty,guntersville,al,35976,marshall,2565718000,acute care hospitals,government - hospital district or authority,yes,surgical infection prevention,surgery patients who were given the  right kind  of antibiotic to help prevent infection
190,10010,marshall medical center north,8000 alabama highway 69,empty,empty,guntersville,al,35976,marshall,2565718000,acute care hospitals,government - hospital district or authority,yes,surgical infection prevention,surgery patients whose preventive antibiotics were stopped at the right time (within 24 hours after surgery)
191,10010,marshall medical center north,8000 alabama highway 69,empty,empty,guntersville,al,35976,marshall,2565718000,acute care hospitals,government - hospital district or authority,yes,surgical infection prevention,all heart surgery patients whose blood sugar (blood glucose) is kept under good control in the days right after surgery
192,10010,marshall medical center north,8000 alabama highway 69,empty,empty,guntersville,al,35976,marshall,2565718000,acute care hospitals,government - hospital district or authority,yes,surgical infection prevention,surgery patients needing hair removed from the surgical area before surgery who had hair removed using a safer method (electric clippers or hair removal cream c not a razor)
193,10010,marshall medical center north,8000 alabama highway 69,empty,empty,guntersville,al,35976,marshall,2565718000,acute care hospitals,government - hospital district or authority,yes,surgical infection prevention,surgery patients whose doctors ordered treatments to prevent blood clots after certain types of surgeries
194,10010,marshall medical center north,8000 alabama highway 69,empty,empty,guntersville,al,35976,marshall,2565718000,acute care hospitals,government - hospital district or authority,yes,surgical infection prevention,patients who got treatment  at the right time (within 24 hours before or after their surgery) to help prevent blood clots after certain types of surgery
195,10011,st vincents east,50 medical park east drive,empty,empty,birmingham,al,35235,jefferson,2058383122,acute care hospitals,voluntary non-profit - private,yes,heart attack,heart attack patients given aspirin at arrival
196,10011,st vincents east,50 medical park east drive,empty,empty,birmingham,al,35235,jefferson,2058383122,acute care hospitals,voluntary non-profit - private,yes,heart attack,heart attack patients given aspirin at discharge
197,10011,st vincents east,50 medical park east drive,empty,empty,birmingham,al,3x23x,jefferson,2058383122,acute care hospitals,voluntary non-profit - private,yes,heart attack,heart attack patients given ace inhibitor or arb for left ventricular systolic dysfunction (lvsd)
198,10011,st vincents east,50 medical park east drive,empty,empty,birmingham,al,35235,jefferson,2058383122,acute care hospitals,voluntary non-profit - private,yes,heart attack,heart attack patients given smoking cessation advice/counseling
199,10011,st vincents east,50 medical park east drive,empty,empty,birmingham,al,35235,jefferson,2058383122,acute care hospitals,voluntary non-profit - private,yes,heart attack,heart attack patients given beta blocker at discharge
200,10011,st vincents east,50 medical park east drive,empty,empty,birmingham,al,35235,jefferson,2058383122,acute care hosxitals,voluntary non-profit - private,yes,heaxt attack,heart attack patients given fibrinolytic medication within 30 minutes of arrival
201,10011,st vincents east,50 medical park east drive,empty,empty,birmingham,al,35235,jefferson,2058383122,acute care hospitals,voluntary non-profit - private,yes,heart attack,heart attack patients given pci within 90 minutes of arrival
202,10011,st vincents east,50 medical park east drive,empty,empty,birmingham,al,35235,jefferson,2058383122,acute care hospitals,voluntary non-profit - private,yes,heart failure,heart failure patients given discharge instructions
203,10011,st vincents east,50 medical park east drive,empty,empty,birmingham,al,35235,jefferson,2058383122,acute care hospitals,voluntary non-profit - private,yes,heart failure,heart failure patients given an evaluation of left ventricular systolic (lvs) function
204,10011,st vincents east,50 medical park east drive,empty,empty,birmingham,al,35235,jefferson,2058383122,acute care hospitals,voluntary non-profit - private,yes,heart failure,heart failure patients given ace inhibitor or arb for left ventricular systolic dysfunction (lvsd)
205,10011,st vincents east,50 medical park east drive,empty,empty,birmingham,al,35235,jefferson,2058383122,acute care hospitals,voluntary non-profit - private,yes,heart failure,heart failure patients given smoking cessation advice/counseling
206,10011,st vincents east,50 medical park east drive,empty,empty,birmingham,al,35235,jefferson,2058383122,acute care hospitals,voluntary non-profit - private,yes,pneumonia,pneumonia patients assessed and given pneumococcal vaccination
207,10011,st vincents east,50 medical park east drive,empty,empty,birmingham,al,35235,jefferson,2058383122,acute care hospitals,voluntary non-profit - private,yes,pneumonia,pneumonia patients whose initial emergency room blood culture was performed prior to the administration of the first hospital dose of antibiotics
208,10011,st vincents east,50 medical park east drive,empty,empty,birmixgham,al,35235,jefferson,2058383122,acute care hospitals,voluntary non-profit - private,yes,pneumonia,pneumonia patients given smoking cessation advice/counseling
209,10011,st vincents east,50 medical park east drive,empty,empty,birmingham,al,35235,jefferson,2058383122,acute care hospitals,voluntary non-profit - private,yes,pneumonia,pneumonia patients given initial antibiotic(s) within 6 hours after arrival
210,10011,st vincents east,50 medical park east drive,empty,empty,birmingham,al,35235,jefferson,2058383122,acute care hospitals,voluntary non-profit - private,yes,pneumonia,pneumonia patients given the most appropriate initial antibiotic(s)
211,10011,st vincents east,50 medical park east drive,empty,empty,birmingham,al,35235,jefferson,2058383122,acute care hospitals,voluntary non-profit - private,yes,pneumonia,pneumoniaxpatientsxassessedxandxgivenxinfluenzaxvaccination
212,10011,st vincents east,50 medical park east drive,empty,empty,birmingham,al,35235,jefferson,2058383122,acute care hospitals,voluntary non-profit - private,yes,surgical infection prevention,surgery patients who were taking heart drugs called beta blockers before coming to the hospital who were kept on the beta blockers during the period just before and after their surgery
213,10011,st vincents east,50 medical park east drive,empty,empty,bxrmxngham,al,35235,jefferson,2058383122,acute care hospitals,voluntary non-profit - private,yes,surgical infection prevention,surgery patients who were given an antibiotic at the right time (within one hour before surgery) to help prevent infection
214,x00xx,st vincents east,50 medical park east drive,empty,empty,birmingham,al,35235,jefferson,2058383122,acutx carx hospitals,voluntary non-profit - private,yes,surgical infection prevention,surgery patients who were given the  right kind  of antibiotic to help prevent infection
215,10011,st vincents east,50 medical park east drive,empty,empty,birmingham,al,35235,jefferson,2058383122,acute care hospitals,voluntary non-profit - private,yes,surgical infection prevention,surgery patients whose preventive antibiotics were stopped at the right time (within 24 hours after surgery)
216,10011,st vincents east,50 medical park east drive,empty,empty,birmingham,al,35235,jefferson,2058383122,acute care hospitals,voluntary non-profit - private,yes,surgical infection prevention,all heart surgery patients whose blood sugar (blood glucose) is kept under good control in the days right after surgery
217,10011,st vincents east,50 medical park east drive,empty,empty,birmingham,al,35235,jeffersxn,2058383122,acute care hospitals,volunxary non-profix - privaxe,yes,surgical infection prevention,surgery patients needing hair removed from the surgical area before surgery who had hair removed using a safer method (electric clippers or hair removal cream c not a razor)
218,10011,st vincents east,50 medical park east drive,empty,empty,birmingham,al,35235,jefferson,2058x8x122,acute care hospitals,voluntary non-profit - private,yes,surgical infection prevention,surgery patients whose doctors ordered treatments to prevent blood clots after certain types of surgeries
219,10011,st vincents east,50 medical park east drive,empty,empty,birmingham,al,35235,jefferson,2058383122,acute care hospitals,voluntary nonxprofit x private,yes,surgical infection prevention,patients who got treatment  at the right time (within 24 hours before or after their surgery) to help prevent blood clots after certain types of surgery
220,10012,dekalb regional medical center,200 med center drive,empty,empty,fort payne,al,35968,de kalb,2568453150,acute care hospitals,voluntary non-profit - church,yes,heart attack,heartxattackxpatientsxgivenxaspirinxatxarrival
221,10012,dekalb regional medical center,200 med center drive,empty,empty,fort payne,al,35968,de kalb,2568453150,acute care hospitals,voluntary non-profit - church,yes,heart attack,heart attack patients given aspirin at discharge
222,10012,dekalb regional medical center,200 med center drive,empty,empty,fort payne,al,35968,dx kalb,2568453150,acute care hospitals,voluntaryxnon-profitx-xchurch,yes,heart attack,heart attack patients given ace inhibitor or arb for left ventricular systolic dysfunction (lvsd)
223,10012,dekalb regional medical center,200 med center drive,empty,empty,fort payne,al,35968,de kalb,2568453150,acute care hospitals,voluntary non-profit - church,yes,heart attack,heart attack patients given smoking cessation advice/counseling
224,10012,dekalb regional medical center,200 med center drive,empty,empty,fort payne,al,35968,xe kalb,2568453150,acute care hospitals,voluntary non-profit - church,yes,heart attack,heart attack patients given beta blocker at discharge
225,10012,dekalb regional medical center,200 med center drive,empty,empty,fort payne,al,35968,de kalb,2568453150,acute care hospitals,voluntary non-profit - church,yes,heart attack,heart attack patients given fibrinolytic medication within 30 minutes of arrival
226,10012,dekalb regional medical center,200 med center drive,empty,empty,fort payne,al,35968,de kalb,2568453150,acute care hospitals,voluntary non-profit - church,yes,hexrt attxck,heart attack patients given pci within 90 minutes of arrival
227,10012,dekalb regional medical center,200 med center drive,empty,empty,fort payne,al,35968,de kalb,2568453150,acute care hospitals,voluntary non-profit - church,yes,heart failure,heart failure patients given discharge instructions
228,10012,dekalb regional medical center,200 med center drive,empty,empty,fort payne,al,35968,dx kalb,2568453150,acute care hospitals,voluntary non-profit - church,yes,heart failure,heart failure patients given an evaluation of left ventricular systolic (lvs) function
229,10012,dekalb regional medical center,200 med center drive,empty,empty,fort payxe,ax,35968,de kalb,2568453x50,acute care hospitals,voluntary non-profit - church,yes,heart failure,heart failure patients given ace inhibitor or arb for left ventricular systolic dysfunction (lvsd)
230,10012,dekalb regional medical center,200 med center drive,empty,empty,fort payne,al,35968,de kalb,2568453150,acute care hospitals,voluntary non-profit - church,yes,heart faxlure,heart failure patients given smoking cessation advice/counseling
231,10012,dekalb regional medical center,200 med center drive,empty,empty,fort payne,al,35968,de kalb,2568453150,acute care hospitals,voluntary non-profit - church,yes,pneumonia,pneumonia patients assessed and given pneumococcal vaccination
232,10012,dekalb regional medical center,200 med center drive,empty,empty,fort payne,al,35968,de kalb,2568453150,acute care hospitals,voluntary non-profit - church,yes,pneumonia,pneumonia patients whose initial emergency room blood culture was performed prior to the administration of the first hospital dose of antibiotics
233,10012,dekalb regional medical center,200 med center drive,empty,empty,fort payne,al,359x8,de kalb,2568453150,acute care hospitals,voluntary non-profit - church,yes,pneumonia,pneumonia patients given smoking cessation advice/counseling
234,10012,dekalb regional medical center,200 med center drive,empty,empty,fort payne,al,35968,de kalb,2568453150,acute care hospitals,voluntary non-profit - church,yes,pneumonia,pneumonia patients given initial antibiotic(s) within 6 hours after arrival
235,10012,dekalb regional medical center,200 med center drive,empty,empty,fort payne,al,35968,de kalb,2568453150,acute care hospitals,voluntary non-profit - church,yes,pneumonia,pneumonia patients given the most appropriate initial antibiotic(s)
236,10012,dekalb regional medical center,200 med center drive,empty,empty,fort payne,al,35968,de kalb,2568453150,acute care hospitals,voluntary non-profit - church,yes,pneumonia,pneumonia patients assessed and given influenza vaccination
237,10012,dekalb regional medical center,200 med center drive,empty,empty,fort payne,al,35968,de kalb,2568453150,acute care hospitals,voluntary non-profit - church,yes,suxgical infection pxevention,surgery patients who were taking heart drugs called beta blockers before coming to the hospital who were kept on the beta blockers during the period just before and after their surgery
238,10012,dekalb regional medical center,200 med center drive,empty,empty,fort payne,al,35968,de kalb,2568453150,acute care hospitals,voluntary non-profit - church,yes,surgical infection prevention,surgery patients who were given an antibiotic at the right time (within one hour before surgery) to help prevent infection
239,10012,dekalb regional medical center,200 med center drive,empty,empty,fort payne,al,35968,xe kalb,2568453150,acute care hospitals,voxuntary non-profit - church,yes,surgical infection prevention,surgery patients who were given the  right kind  of antibiotic to help prevent infection
240,10012,dekalb regional medical center,200 med center drive,empty,empty,fort payne,al,35968,de kalb,2568453150,acute care hospitals,voluntary non-profit - church,yes,surgxcal infectxon preventxon,surgery patients whose preventive antibiotics were stopped at the right time (within 24 hours after surgery)
241,10012,dekalb regional medical center,200 med center drive,empty,empty,fort payne,al,35968,de kalb,2568453150,acute care hospitals,voluntary non-profit - church,yes,surgical infection prevention,all heart surgery patients whose blood sugar (blood glucose) is kept under good control in the days right after surgery
242,10012,dekalb regional medical center,200 med center drive,empty,empty,fort payne,al,35968,de kalb,2568453150,acute care hospitals,voluntary non-profit - church,yes,surgical infection prevention,surgery patients needing hair removed from the surgical area before surgery who had hair removed using a safer method (electric clippers or hair removal cream c not a razor)
243,10012,dekalb regional medical center,200 med center drive,empty,empty,fort payne,al,35968,de kalb,2568453150,acute care hospitals,voluntary non-profit - church,yes,surgical infection prevention,surgery patients whose doctors ordered treatments to prevent blood clots after certain types of surgeries
244,10012,dexalb regional medical center,200 med center drive,empty,empty,fort payne,al,35968,de kalb,2568453150,acute care hospitals,voluntary non-profit - church,yes,surgical infection prevention,patients who got treatment  at the right time (within 24 hours before or after their surgery) to help prevent blood clots after certain types of surgery
245,x00x5,southwest alabama medical center,33700 highway 43,empty,empty,thomasville,al,36784,clarke,3346366221,acute care hospitals,government - federal,yes,heart attack,heart attack patients given aspirin at arrival
246,10015,southwest alabama medical center,33700 highway 43,empty,empty,thomasville,al,36784,clarke,3346366221,acute care hospitals,government - federal,yes,heart attack,heart attack patients given aspirin at discharge
247,10015,southwest alabama medical center,33700 highway 43,empty,empty,thomasville,al,36784,clarke,3346366221,acute care hospitals,government - federal,yes,heart attack,heart attack patients given ace inhibitor or arb for left ventricular systolic dysfunction (lvsd)
248,10015,southwest alabama medical center,33700 highway 43,empty,empty,thomasville,al,36784,clarke,xx46x66221,acute care hospitals,governxent - federal,yes,heart attack,heart attack patients given smoking cessation advice/counseling
249,10015,southwest alabama medical center,33700 highway 43,empty,empty,thomasville,al,36784,clarke,3346366221,acute care hospitals,government - federal,yes,heart attack,heart attack patients given beta blocker at discharge
250,10015,southwest alabama medical center,33700 highway 43,empty,empty,thomasville,al,36784,clarke,3346366221,acute care hospitals,government - federal,yes,heart attack,heart attack patients given fibrinolytic medication within 30 minutes of arrival
251,10015,southwest alabama medical center,33700 highway 43,empty,empty,thomasville,al,36784,clarke,3346366221,acute care hospitals,government - federal,yes,heart attack,heart attack patients given pci within 90 minutes of arrival
252,10015,southwest alabama medical center,33700 highway 43,empty,empty,thomasville,al,36784,clarke,3346366221,acute care hospitals,government - federal,yes,heart failure,heart failure patients given discharge instructions
253,10015,southwest alabama medical center,33700 highway 43,empty,empty,thomasville,al,36784,xlarke,3346366221,acute care hospitals,government - federal,yes,heart failure,heart failure patients given an evaluation of left ventricular systolic (lvs) function
254,1xx15,southwest alabama medical center,33700 highway 43,empty,empty,thomasville,al,36784,clarke,3346366221,acute care hospitals,government - federal,yes,heart failure,heart failure patients given ace inhibitor or arb for left ventricular systolic dysfunction (lvsd)
255,10015,southwest alabama medical center,33700 highway 43,empty,empty,thomasville,al,36784,clarke,3346366221,acute care hospitals,government - federal,yes,heart failure,heart failure patients given smoking cessation advice/counseling
256,10015,southwest alabama medical center,33700 highway 43,empty,empty,thomasville,al,36784,clarke,3346366221,acute care hospitals,government - federal,yes,pneumonia,pneumonia patients assessed and given pneumococcal vaccination
257,10015,southwest alabama medical center,33700 highway 43,empty,empty,thomasville,al,36784,clarke,3346366221,acute care hospitals,government - federal,yes,xneumonia,pneumonxa patxents whose inxtxal emergency room blood culture was performed prxor to the admxnxstratxon of the fxrst hospxtal dose of antxbxotxcs
258,10015,southwest alabama medical center,33700 highway 43,empty,empty,thomasville,al,36784,clarke,3346366221,acute care hospitals,government - federal,yes,pneumonia,pneumonia patients given smoking cessation advice/counseling
259,10015,southwest alabama medical center,33700 highway 43,empty,empty,thomasville,al,36784,clarke,3346366221,acute care hospitals,government - federal,yes,pneumonia,pneumonia patients given initial antibiotic(s) within 6 hours after arrival
260,10015,southwest alabama medical center,33700 highway 43,empty,empty,thomasville,al,36784,clarke,3346366221,acute care hospitals,government - federal,yes,pneumonia,pneumonia patients given the most appropriate initial antibiotic(s)
261,10015,southwest alabama medical center,33700 hxghway 43,empty,empty,thomasville,al,36784,clarke,3346366221,acute care hospitals,government - federal,yes,pneumonia,pneumonia patients assessed and given influenza vaccination
262,10015,southwest alabama medical center,33700 highway 43,empty,empty,thomasville,al,36784,clarke,334x3xx221,acute care hospitals,government - federal,yes,surgical infection prevention,surgery patients who were taking heart drugs called beta blockers before coming to the hospital who were kept on the beta blockers during the period just before and after their surgery
263,10015,southwest alabama medical center,33700 highway 43,empty,empty,thomasville,al,36784,clarke,3346366221,acute care hospitals,government - federal,yes,surgical infection prevention,surgery patients who were given an antibiotic at the right time (within one hour before surgery) to help prevent infection
264,10015,southwest alabama medical center,33700 highway 43,empty,empty,thomasville,al,36784,clarke,3346366221,acute care hospitals,government - federal,yes,surgical infection prevention,surgery patients who were given the  right kind  of antibiotic to help prevent infection
265,10015,southwest alabama medical center,33700 highway x3,empty,empty,thomasville,al,36784,clarke,3346366221,acute care hospitals,government - federal,yes,surgical infection prevention,surgery patients whose preventive antibiotics were stopped at the right time (within 24 hours after surgery)
266,10015,southwest alabama medical center,33700 highway 43,empty,empty,thomasville,al,36784,clarke,3346366221,acute care hospitals,government - federal,yes,surgical infection prevention,all heart surgery patients whose blood sugar (blood glucose) is kept under good control in the days right after surgery
267,10015,southwest alabama medical center,33700 highway 43,empty,empty,thomasville,al,36784,clarke,3346366221,acuxe care hospixals,government - federal,yes,surgical infection prevention,surgery patients needing hair removed from the surgical area before surgery who had hair removed using a safer method (electric clippers or hair removal cream c not a razor)
268,10015,southwest alabama medical center,33700 highway 43,empty,empty,thomasville,al,x6784,clarke,3346366221,acute care hospitals,government - federal,yes,surgical infection prevention,surgery patients whose doctors ordered treatments to prevent blood clots after certain types of surgeries
269,10015,southwest alabama medical center,33700 highway 43,empty,empty,thomasville,al,36784,clarke,3346366221,acute care hospitals,government - federal,yes,surgical infection prevention,patients who got treatment  at the right time (within 24 hours before or after their surgery) to help prevent blood clots after certain types of surgery
270,10016,shelby baptist medical center,1000 first street north,empty,empty,alabaster,al,35007,shelby,2056208100,acute care hospitals,voluntary non-profit - church,yes,heart attack,heart attack patients given aspirin at arrival
271,10016,shelby baptist medical center,1000 first street north,empty,empty,alabaster,al,35007,shelby,2056208100,acute care hospitals,voluntary non-profit - church,yes,heart attack,heart attack patients given aspirin at discharge
272,10016,shelby baptist medical center,1000 first street north,empty,empty,alabaster,al,35007,shelby,2056208100,acute care hospitals,voluntary non-profit - church,yes,heart attack,heart attack patients given ace inhibitor or arb for left ventricular systolic dysfunction (lvsd)
273,10016,shelby baptist medical center,1000 first street north,empty,empty,alabaster,al,35007,shelby,2056208100,acute care hospitals,voluntary non-profit - church,yes,heart attack,heart attack patients given smoking cessation advice/counseling
274,1xx16,shelby baptist medical center,1000 first street north,empty,empty,alabaster,al,35007,shelby,2056208100,acute care hospitals,voluntary non-profit - church,yes,heart attack,heart attack patients given beta blocker at discharge
275,10016,shelby baptist medical center,1000 first street north,empty,empty,alabaster,al,35007,shelby,2056208100,acute care hospitals,voluntary non-profit - church,yes,heart attack,heart attack patients given fibrinolytic medication within 30 minutes of arrival
276,10016,shelby baptist medical center,1000 fixst stxeet noxth,empty,empty,alabaster,al,35007,shelby,2056208100,acute care hospitals,voluntary non-profit - church,yes,heart attack,heart attack patients given pci within 90 minutes of arrival
277,10016,shelby baptist medical center,1000 first street north,empty,empty,alabaster,al,35007,shelby,2056208100,acute care hospitals,voluntary non-profit - church,yes,heart failure,heart failure patients given discharge instructions
278,10016,shelby baptist medical center,1000 first street north,empty,empty,alabaster,al,35007,shelby,2056208100,acute care hospitals,voluntary non-profit - church,yes,heart failure,heart failure patients given an evaluation of left ventricular systolic (lvs) function
279,10016,shelby baptist medical center,1000 first street north,empty,empty,alabaster,xl,35007,shelby,2056208100,acute care hospitals,voluntary non-profit - church,yes,heart failure,heart failure patients given ace inhibitor or arb for left ventricular systolic dysfunction (lvsd)
280,10016,shelby baptist medical center,1000 first street north,empty,empty,alabaster,al,35007,shelby,2056208100,acute care hospitals,voluntary non-profit - church,yes,xeart failure,heart failure patients given smoking cessation advice/counseling
281,10016,shelby baptist medical center,1000 first street north,empty,empty,alabaster,al,35007,shelby,2056208100,acutexcarexhospitals,voluntary non-profit - church,yes,pneumonia,pneumonia patients assessed and given pneumococcal vaccination
282,10016,shelby baptist medical center,1000 first street north,empty,empty,alabaster,al,35007,shelby,2056208100,acute care hospitals,voluntary non-profit - church,yes,pneumonia,pnxumonia patixnts whosx initial emxrgxncy room blood culturx was pxrformxd prior to thx administration of thx first hospital dosx of antibiotics
283,10016,shelby baptist medical center,1000 first street north,empty,empty,alabaster,al,35007,shelby,2056208100,acute care hospitals,voluntary non-profit - church,yes,pneumonia,pneumonia patients given smoking cessation advice/counseling
284,10016,shelby baptist medical center,1000 first street north,empty,empty,alabaster,al,3x007,shelby,2056208100,acute care hospitals,voluntary non-profit - church,yes,pneumonia,pneumonia patients given initial antibiotic(s) within 6 hours after arrival
285,10016,shelby baptist medical center,1000 first street north,empty,empty,alabaster,al,35007,shelby,2056208100,acute care hospitals,voluntary non-profit - church,yes,pneumonia,pneumonia patients given the most appropriate initial antibiotic(s)
286,10016,shelby baptist medical center,1000 first street north,empty,empty,alabaster,al,35007,shelby,2056208100,acute care hospitals,voluntary non-profit - church,yes,pneumonia,pneumonia patients assessed and given influenza vaccination
287,10016,shelby baptist medical center,1000 first street north,empty,empty,alabaster,al,35007,shelby,2056208100,acute care hospitals,voluntary non-profit - church,yes,surgical infection prevention,surgery patients who were taking heart drugs called beta blockers before coming to the hospital who were kept on the beta blockers during the period just before and after their surgery
288,10016,shelby baptist medical center,1000 first street north,empty,empty,alabaster,al,35007,shelby,2056208100,acute care hospitals,voluntary non-profit - church,yes,surgical infection prevention,surgery patients who were given an antibiotic at the right time (within one hour before surgery) to help prevent infection
289,10016,shelby baptist medical center,1000 first street north,empty,empty,alabaster,al,35007,shelby,2056208100,acute care hospitals,voluntary non-profit - church,yes,surgical infection prevention,surgery patients who were given the  right kind  of antibiotic to help prevent infection
290,10016,shelby baptist medical center,1000 first street north,empty,empty,alabaster,al,35007,shelby,2056208100,acute care hospitals,voluntary non-profit - church,yes,surgical infection prevention,surgery patients whose preventive antibiotics were stopped at the right time (within 24 hours after surgery)
291,10016,shelby baptist medical center,1000 first street north,empty,empty,alabaster,al,x5007,shelby,2056208100,acute care hospitals,voluntary non-profit - church,yes,surgical infection prevention,all heart surgerx patients whose blood sugar (blood glucose) is kept under good control in the daxs right after surgerx
292,10016,shelby baptist medical center,1000 first street north,empty,empty,alabaster,al,35007,shelby,2056208100,acute care hospitals,voluntary non-profit - church,yes,surgical infection prevention,surgery patients needing hair removed from the surgical area before surgery who had hair removed using a safer method (electric clippers or hair removal cream c not a razor)
293,10016,shelby baptist medical center,1000 first street north,empty,empty,alabaster,al,35007,shelby,2056208100,acute care hospitals,voluntary non-profit - church,yes,surgical infection prevention,surgery patients whose doctors ordered treatments to prevent blood clots after certain types of surgeries
294,10016,shelby baptist medical center,1000 first street north,empty,empty,alabaster,al,35007,shelby,2056208100,acuxe care hospixals,voluntary non-profit - church,yes,surgical infection prevention,patients who got treatment  at the right time (within 24 hours before or after their surgery) to help prevent blood clots after certain types of surgery
295,10018,callahan eye foundation hospital,1720 university blvd,empty,empty,birmingham,al,35233,jefferson,2053258100,acute care hospitals,voluntary non-profit - private,yes,heart attack,heart attack patients given aspirin at arrival
296,10018,callahan eye foundation hospital,1720 univxrsity blvd,empty,empty,birmingham,al,35233,jefferson,2053258100,acute care hospitals,voluntary non-profit - private,yes,heart attack,heart attack patients given aspirin at discharge
297,10018,callahan eye foundation hospital,1720 university blvd,empty,empty,birmingham,al,35233,jefferson,2053258100,acute care hospitals,voluntary non-profit - private,yes,heart attack,heart attack patients given ace inhibitor or arb for left ventricular systolic dysfunction (lvsd)
298,10018,callahan eye foundation hospital,1720 university blvd,empty,empty,birmingham,al,35233,jefferson,2053258100,acute care hospitals,voluntary non-profit - private,yes,heart attack,heart attack patients given smoking cessation advice/counseling
299,10018,callahan eye foundation hospital,1720 university blvd,empty,empty,birmingham,al,35233,jefferson,2053258100,acute care hospitals,voluntary non-profit - private,yes,heart attack,heart attack patients given beta blocker at discharge
300,10018,callahan eye foundation hospital,1720 university blvd,empty,empty,birmingham,al,35233,jefferson,2053258100,acute care hospitals,voluntary non-profit - private,yes,heart attack,heart attack patients given fibrinolytic medication within 30 minutes of arrival
301,10018,callahan eye foundation hospital,1720 university blvd,empty,empty,birmingham,al,35233,jefferson,2053258100,acute care hospitals,voluntary non-profit - private,yes,heart attack,heart attack patients given pci within 90 minutes of arrival
302,10018,callahan eye foundation hospital,1720 university blvd,empty,empty,birmingham,al,35233,jefferson,2053258100,acute care hospitals,voluntary non-profit - private,yes,heart failure,heart failure patients given discharge instructions
303,10018,callahan eye foundation hospital,1720 university blvd,empty,empty,birmingham,al,35233,jefferson,2053258100,acute care hospitals,voluntary non-profit - private,yes,heart failure,heart failure patients given an evaluation of left ventricular systolic (lvs) function
304,10018,callahan eye foundation hospital,1720 university blvd,empty,empty,birmingham,al,35233,jefferson,2053258100,acute care hospitals,voluntary non-profit - private,yes,heart failure,heart failure patients given ace inhibitor or arb for left ventricular systolic dysfunction (lvsd)
305,10018,callahan eye foundation hospital,1720 university blvd,empty,empty,birmingham,al,35233,jefferson,2053258100,acute care hospitals,voluntary non-profit - private,yes,heart failure,heart failure patients given smoking cessation advice/counseling
306,10018,callahan eye foundation hospital,1720 university blvd,empty,empty,birmingham,al,35233,jefferson,2053258100,acute care hospitals,voluntary non-profit - private,yes,pneumonia,pneumonia patients assessed and given pneumococcal vaccination
307,10018,callahan eye foundation hospital,1720 university blvd,empty,empty,birmingham,al,35233,jefferson,2053258100,acute care hospitals,voluntary non-profit - private,yes,pneumonia,pneumonia patients whose initial emergency room blood culture was performed prior to the administration of the first hospital dose of antibiotics
308,10018,callahan eye foundation hospital,1720 university blvd,empty,empty,birmingham,al,35233,jefferson,2053258100,acute care hospitals,voluntary non-profit - private,yes,pneumonia,pneumonia patients given smoking cessation advice/counseling
309,10018,callahan eye foundation hospital,1720 university blvd,empty,empty,birmingham,al,35233,jefferson,2053258100,acute care hospitals,voluntary non-profit - private,yes,pneumonia,pneumonia patients given initial antibiotic(s) within 6 hours after arrival
310,10018,callahan eye foundation hospital,1720 university blvd,empty,empty,birmingham,al,35233,jefferson,2053258100,acute care hospitals,voluntary non-profit - private,yes,pneumonia,pneumonia patients given the most appropriate initial antibiotic(s)
311,10018,callahan eye foundation hospital,1720 university blvd,empty,empty,birmingham,al,35233,jefferson,2053258100,acute care hospitals,voluntary non-profit - private,yes,pneumonia,pneumonia patients assessed and given influenza vaccination
312,10038,stringfellow memorial hospital,301 east 18th st,empty,empty,axxistox,al,36201,calhoun,2562358900,acute care hospitals,proprietary,yes,children s asthma care,children who received systemic corticosteroid medication (oral and iv medication that reduces inflammation and controls symptoms) while hospitalized for asthma
313,10038,stringfellow memorial hospital,301 east 18th st,empty,empty,anniston,al,36201,calhoxn,2562358900,acute care hospitals,proprietary,yes,children s asthma care,children and their caregivers who received a home management plan of care document while hospitalized for asthma
314,10038,stringfellow memorial hospital,301 east 18th st,empty,empty,anniston,al,36201,calhoun,2562358900,acute care hospitals,prxprietary,yes,heart attack,heart attack patients given aspirin at arrival
315,100x8,stringfellow memorial hospital,301 east 18th st,empty,empty,anniston,al,36201,calhoun,2562358900,acute care hospitals,proprietary,yes,heart attack,heart attack patients given aspirin at discharge
316,10038,stringfellow memorial hospital,301 east 18th st,empty,empty,anniston,al,36201,calhoun,2562358900,acute care hospitals,proprietary,yes,heart attack,heart attack patients given ace inhibitor or arb for left ventricular systolic dysfunction (lvsd)
317,10038,stringfellow memorial hospital,301xeastx18thxst,empty,empty,anniston,al,36201,calhoun,2562358900,acute care hospitals,proprietary,yes,heart attack,heart attack patients given smoking cessation advice/counseling
318,10038,stringfellow memorial hospital,301 east 18th st,empty,empty,anniston,al,36201,calhoun,2562358900,acute care hospitals,proprietary,yes,heart attack,heart attack patients given beta blocker at discharge
319,10038,stringfellow memorial hospital,301 east 18th st,empty,empty,anniston,al,36201,calhoun,2562358900,acute care hospitals,proprietary,xes,heart attack,heart attack patients given fibrinolytic medication within 30 minutes of arrival
320,10038,stringfellow memorial hospital,301 east 18th st,empty,empty,anniston,al,36201,calhoun,2562358900,acute care hospitals,proprietary,yes,heart attack,heart attack patients given pci within 90 minutes of arrival
321,10038,stringfellow memorial hospital,301 east 18th st,empty,empty,anniston,al,36201,calhoun,2562358900,acute care hospitals,proprietary,yes,heart failure,heart failure patients given discharge instructions
322,10038,stringfellow memorial hospital,301 east 18th st,empty,empty,anniston,al,36201,calhoun,256235x900,acute care hospitals,proprietary,yes,heart failure,heart failure patients given an evaluation of left ventricular systolic (lvs) function
323,10038,stringfellow memorial hospital,301 east 18th st,empty,empty,anniston,al,36201,calhoun,2562358900,acute care hospitals,proprietary,yes,heart failure,heart failure patients given ace inhibitor or arb for left ventricular systolic dysfunction (lvsd)
324,10038,stringfellow memorial hospital,301 east 18th st,empty,empty,anniston,al,36201,calhoun,2562358900,acute care hospitals,proprietary,yes,heart failure,heart failure patients given smoking cessation advice/counseling
325,10038,stringfellow memorial hospital,301 east 18th st,empty,empty,anniston,al,36201,caxhoun,2562358900,acute care hospitals,proprietary,yes,pneumonia,pneumonia patients assessed and given pneumococcal vaccination
326,10038,stringfellow memorial hospital,301 east 18th st,empty,empty,anniston,al,36x01,calhoun,2562358900,acute care hospitals,proprietary,yes,pneumonia,pneumonia patients whose initial emergency room blood culture was performed prior to the administration of the first hospital dose of antibiotics
327,10038,stringfellow memorial hospital,301 east 18th st,empty,empty,anniston,al,36201,calhoun,2562358900,acute care hospitals,proprietary,yes,pneumonia,pneumonia patients given smoking cessation advice/counseling
328,10038,stringfellow memorial hospital,301 east 18th st,empty,empty,anniston,al,36201,calhoun,2562358900,acute care hospitals,proprietary,yex,pneumonia,pneumonia patients given initial antibiotic(s) within 6 hours after arrival
329,10038,stringfellow memorial hospital,301 east 18th st,empty,empty,anniston,al,36201,calhoun,2562358900,acute care hospitals,proprietary,yes,pneumonia,pneumonia patients given the most appropriate initial antibiotic(s)
330,10038,stringfellow memorial hospital,301 east 18th st,empty,empty,anniston,al,36201,calhoun,2562358900,acute care hospitals,proprietary,yes,pneumonia,pneumonia patients assessed and given influenza vaccination
331,10038,stringfellow memorial hospital,301 east 18th st,empty,empty,anniston,al,36201,calhoun,2562358900,acute care hospitals,proprietary,yes,surgical infection prevention,surgery patients who were taking heart drugs called beta blockers before coming to the hospital who were kept on the beta blockers during the period just before and after their surgery
332,10055,flowers hospital,4370 west main street,empty,empty,dothan,al,36305,houston,3347935000,acute care hospitals,proprietary,yes,heart failure,heart failure patients given an evaluation of left ventricular systolic (lvs) function
333,10055,flowers hospital,4370 west main street,empty,empty,dothan,al,3x305,houston,3347935000,acute care hospitals,proxrietary,yex,heart failure,heart failure patients given ace inhibitor or arb for left ventricular systolic dysfunction (lvsd)
334,10055,flowers hospital,4370 west main street,empty,empty,dothan,al,36305,houston,3347935000,acute care hospitals,proprietary,yes,heart failure,heart failure patients given smoking cessation advice/counseling
335,10055,flowers hospital,4370xwestxmainxstreet,empty,empty,dothan,al,36305,houston,3347935000,acute care hospitals,proprietary,yes,pneumonia,pneumonia patients assessed and given pneumococcal vaccination
336,10055,flowers hospital,4370 west main street,empty,empty,dothan,al,36305,houston,3347935000,acute care hospitals,proprietary,yes,pneumonia,pneumonia patients whose initial emergency room blood culture was performed prior to the administration of the first hospital dose of antibiotics
337,10055,flowers hospital,4370 west main street,empty,empty,dothan,al,36305,houston,3347935000,acute care hospitals,proprietary,yes,pneumonia,pneumonia patients given smoking cessation advice/counseling
338,10055,floxers hospital,4370 west main street,empty,empty,dothan,al,36305,houston,3347935000,acute care hospitals,proprietary,yes,pneumonia,pneumonia patients given initial antibiotic(s) within 6 hours after arrival
339,10055,flowers hospital,4370 west main street,empty,empty,dothan,al,36305,houston,3347935000,acute care hospitals,proprietary,yes,pneumonia,pneumonia patients given the most appropriate initial antibiotic(s)
340,10055,flowers hospital,4370 west main street,empty,empty,dothan,al,36305,houston,3347935000,acute care hospitals,proprietary,yes,pneumonia,pneumonia patients assessed and given influenza vaccination
341,10055,flowers hospital,4370 west main street,empty,empty,dothan,al,x6x05,houston,3347935000,acute care hospitals,proprietary,yes,surgical infection prevention,surgery patients who were taking heart drugs called beta blockers before coming to the hospital who were kept on the beta blockers during the period just before and after their surgery
342,10055,flowers hospital,4370 west main street,empty,empty,dothan,al,36305,houston,3347935000,acute care hospitals,proprietary,yes,surgical infection prevention,surgery patients who were given an antibiotic at the right time (within one hour before surgery) to help prevent infection
343,10055,flowers hospital,4370 west main street,empty,empty,dothan,al,36305,houston,xx479x5000,acute care hospitals,proprietary,yes,surgical infection prevention,surgery patients who were given the  right kind  of antibiotic to help prevent infection
344,10055,flowers hospital,4370 west main street,empty,empty,dothan,al,36305,houston,3347935000,acute care hospitals,proprietary,yes,surgical infection prevention,surgery patients whose preventive antibiotics were stopped at the right time (within 24 hours after surgery)
345,10055,flowers hospital,4370 west main street,empty,empty,dothan,al,36305,houston,3347935000,acute care hospitals,proprietary,yes,surgical infection prevention,all heart surgery patients whose blood sugar (blood glucose) is kept under good control in the days right after surgery
346,10055,flowers hospital,4370 west main street,empty,empty,dothan,al,36305,houston,3347935000,acute care hospitals,proprietary,yes,surgical infection prevention,surgery patients needing hair removed from the surgical area before surgery who had hair removed using a safer method (electric clippers or hair removal cream c not a razor)
347,10055,flowers hospital,4370 west main street,empty,empty,dothan,al,36305,housxon,3347935000,acute care hospitals,proprietary,yes,surgical infection prevention,surgery pxtients whose doctors ordered trextments to prevent blood clots xfter certxin types of surgeries
348,10055,flowers hospital,4370 west main street,empty,empty,dothan,al,36305,houston,3347935000,acute care hospitals,proprietary,yes,surgical infection prevention,patients who got treatment  at the right time (within 24 hours before or after their surgery) to help prevent blood clots after certain types of surgery
349,10056,st vincents hospital,810 st vincents drive,empty,empty,birmingham,al,35205,jefferson,2059397000,acute care hospitals,voluntary non-profit - other,yes,heart attack,heart attack patients given aspirin at arrival
350,10056,st vincents hospital,810 st vincents drive,empty,empty,birmingham,al,35205,jefferson,2059397000,acute care hospitals,voluntary non-profit - other,yes,heart attack,heart attack patients given aspirin at discharge
351,10056,st vincents hospital,810 st vxncents drxve,empty,empty,birmingham,al,35205,jefferson,2059397000,acute care hospitals,voluntary non-profit - other,yxs,heart attack,heart attack patients given ace inhibitor or arb for left ventricular systolic dysfunction (lvsd)
352,10056,st vincents hospital,810 st vincents drive,empty,empty,birmingham,al,35205,jefferson,2059397000,acute care hospitals,voluntary non-profit - other,yes,heart attack,heart attack patients given smoking cessation advice/counseling
353,10056,st vincents hospital,810 st vincents drive,empty,empty,birmingham,al,35205,jefferson,2059397000,acute care hospitals,voluntary non-profit - other,yes,heart attack,heart attack patients given beta blocker at discharge
354,10085,decatur general hospital,1201 7th street se,empty,empty,decatur,al,35609,morgan,2563412000,acute care hospitals,government - hospital district or authority,yes,surgical infection prevention,patients who got treatment  at the right time (within 24 hours before or after their surgery) to help prevent blood clots after certain types of surgery
355,10086,northwest medical center,1530 u s highway 43,empty,empty,winfield,al,35594,marion,2054877736,acute care hospitals,proprietary,yes,heart attack,heart attack patients given aspirin at arrival
356,10086,northwest medical center,1530 u s highway 43,empty,empty,winfield,al,35594,marion,2054877736,acute care hospitals,proprietary,yes,heart attack,heart attack patients given aspirin at discharge
357,10086,northwest medical center,1530 u s highway 43,empty,empty,winfield,ax,35594,marion,2054877736,acute care hospitals,prxprietary,yes,heart attack,heart attack patients given ace inhibitor or arb for left ventricular systolic dysfunction (lvsd)
358,10086,northwest medical center,1530 u s highway 43,empty,empty,winfield,al,35594,marion,2054877736,acute care hospitals,proprietary,yes,heart attack,heart attack patients given smoking cessation advice/counseling
359,10086,northwest medical center,1530 u s highway 43,empty,empty,winfield,al,35594,marion,2054877736,acute care hospitals,proprietary,yes,heart attack,heart attack patients given beta blocker at discharge
360,10086,northwest medical center,1530 u s highway 43,empty,empty,winfield,al,35594,marion,2054877736,acute care hospitals,proprietary,yes,heart attack,heart attack patients given fibrinolytic medication within 30 minutes of arrival
361,100x6,northwest medical center,1530 u s highway 43,empty,empty,winfield,al,35594,marion,2054877736,acute care hospitals,proprietary,yes,heart attack,heart attack patients given pci within 90 minutes of arrival
362,10086,northwest medical center,1530 u s highway 43,empty,empty,winfield,al,35594,marion,2054877736,acute care hospitals,proprietary,yes,heart failure,heart failure patients given discharge instructions
363,10086,northwest medical center,1530 u s highway 43,empty,empty,winfield,al,35594,marion,2054877736,acute care hospitals,proprietary,yes,heart failure,heart failure patients given an evaluation of left ventricular systolic (lvs) function
364,10086,northwest medical center,1530xuxsxhighwayx43,empty,empty,winfield,al,35594,marion,2054877736,acute care hospitals,proprietary,yes,heart failure,heart failure patients given ace inhibitor or arb for left ventricular systolic dysfunction (lvsd)
365,10086,northwest medical center,1530 u s highway 43,empty,empty,winfield,al,35594,marion,2054877736,acute care hospitals,proprietary,yes,heart failure,heart failure patients given smoking cessation advice/counseling
366,10086,northwest medical center,1530 u s highway 43,empty,empty,winfield,al,35594,marion,2054877736,acute care hospitals,proprietary,yes,pneumonia,pneumonia patients assessed and given pneumococcal vaccination
367,10086,northwest medical center,1530 u s highway 43,empty,empty,winfield,al,3xx94,marion,2054877736,acute care hospitals,proprietary,yes,pnxumonia,pneumonia patients whose initial emergency room blood culture was performed prior to the administration of the first hospital dose of antibiotics
368,10086,northwest medical center,1530 u s highway 43,empty,empty,winfielx,al,35594,marion,2054877736,acute care hospitals,proprietary,yes,pneumonia,pneumonia patients given smoking cessation advice/counseling
369,10086,northwest medical center,1530 u s highway 43,empty,empty,winfield,al,35594,marion,2054877736,acute care hospitals,proprietary,yes,pneumonia,pneumonia patients given initial antibiotic(s) within 6 hours after arrival
370,10086,northwest medical center,1530 u s highway 43,empty,empty,winfield,al,35594,marion,2054877736,acute care hospitals,proprietary,yes,pnexmonia,pneumonia patients given the most appropriate initial antibiotic(s)
371,10086,northwest medical center,1530 u s highway 43,empty,empty,winfield,al,35594,marion,2054877736,acute care hospitals,proprietary,yes,pneumonia,pneumonia patients assessed and given influenza vaccination
372,10086,northwest medical center,1530 u s highway 43,empty,empty,winfield,al,35594,marion,2054877736,acute care hospitals,proprietary,yes,surgical infection prevention,surgery patients who were taking heart drugs called beta blockers before coming to the hospital who were kept on the beta blockers during the period just before and after their surgery
373,10086,northwest medical center,1530 u s highway 43,empty,empty,winfield,al,35594,marion,2054877736,acute care hospitals,proprietary,yes,surgical infection prevention,surgery patients who were given an antibiotic at the right time (within one hour before surgery) to help prevent infection
374,10086,northwest medical center,1530 u s highway 43,empty,empty,winfield,al,35594,marion,2054877736,acute care hospitals,proprietary,yes,surgical infection prevention,surgery patients who were given the  right kind  of antibiotic to help prevent infection
375,10086,northwest medical center,1530 u s highway 43,empty,empty,winfield,al,35594,marion,2054877736,acute care hospitals,proprietary,yex,surgical infection prevention,surgery patients whose preventive antibiotics were stopped at the right time (within 24 hours after surgery)
376,10086,northwest medical center,1530 u s highway 43,empty,empty,winfield,al,3xx94,marion,2054877736,acute care hospitals,proprietary,yes,surgical infection prevention,all heart surgery patients whose blood sugar (blood glucose) is kept under good control in the days right after surgery
377,10086,northwest medical center,1530 u s highway 43,empty,empty,winfield,al,35594,marion,2054877736,acute care hospitals,proprietary,yes,surgical infection prevention,surgery patients needing hair removed from the surgical area before surgery who had hair removed using a safer method (electric clippers or hair removal cream c not a razor)
378,10086,northwest medical center,1530 u s highway 43,empty,empty,winfield,al,35594,marion,2054877736,acute care hospitals,proprietary,yes,surgical infection prevention,surgery patients whose doctors ordered treatments to prevent blood clots after certain types of surgeries
379,10086,northwest medical center,1530 u s highway 43,empty,empty,winfield,al,35594,marion,2054877736,acute care hospitals,proprietary,yes,surgical infection prevention,patients who got treatment  at the right time (within 24 hours before or after their surgery) to help prevent blood clots after certain types of surgery
380,10087,univ of south alabama medical center,2451 fillingim street,empty,empty,mobile,al,36617,mobile,2514717110,acute care hospitals,government - state,yes,heart attack,heart attack patients given aspirin at arrival
381,10087,univ of south alabama medical center,2451 fillingim street,empty,empty,mobile,al,36617,mobile,2514717110,acute care hospitals,government - state,yes,heart attack,heaxt attack patients given aspixin at dischaxge
382,10087,univ of south alabama medical center,2451 fillingim street,empty,empty,mobile,al,36617,mobile,25x47x7xx0,acute care hospitals,government - state,yes,heart attack,heart attack patients given ace inhibitor or arb for left ventricular systolic dysfunction (lvsd)
383,10087,univ of south alabama medical center,2451 fillingim street,empty,empty,mobile,al,36617,mobile,2514717110,acute care hospitals,government - state,yes,heart attack,heart attack patients given smoking cessation advice/counseling
384,10087,univ of south alabama medical center,2451 fillingim street,empty,empty,mobile,al,36617,mobile,2514717110,acute care hospitals,government - state,yes,heart attack,heart attack patients given beta blocker at discharge
385,10087,univ ox south alabama medical center,2451 fillingim street,empty,empty,mobile,al,36617,mobile,25x47x7xx0,acute care hospitals,government - state,yes,heart attack,heart attack patients given fibrinolytic medication within 30 minutes of arrival
386,10087,xniv of soxth alabama medical center,2451 fillingim street,empty,empty,mobile,al,36617,mobile,2514717110,acute care hospitals,government - state,yes,heart attack,heart attack patients given pci within 90 minutes of arrival
387,10087,univ of south alabama medical center,2451 fillingim street,empty,empty,mobile,xl,36617,mobile,25x47x7xx0,acute care hospitals,government - state,yes,hxart failurx,heart failure patients given discharge instructions
388,10087,univ of south alabama medical center,2451 fillingim street,empty,empty,mobile,al,36617,mobile,2514717110,acute care hospitals,government - state,yes,heart failure,heart failure patients given an evaluation of left ventricular systolic (lvs) function
389,10087,univ of south alabama medical center,2451 fillingim street,empty,empty,mobile,al,36617,mobile,2514717110,acute care hospitals,government - state,yes,heart failure,heart failure patients given ace inhibitor or arb for left ventricular systolic dysfunction (lvsd)
390,10087,univ of south alabama medical center,2451 fillingim street,empty,empty,mobile,al,36617,mobile,2514717110,acute care hospitals,government - state,yxs,heart failure,heart xailure patients given smoking cessation advice/counseling
391,10087,univ of south alabama medical center,2451 fillingim street,empty,empty,mobile,al,36617,mobile,2514717110,acute care hospitals,government - state,yes,pneumonia,pneumonia patients assessed and given pneumococcal vaccination
392,10087,univ of south alabama medical center,2451 fillingim street,empty,empty,mobile,al,36617,mobile,2514717110,acute care hospitals,government - state,yes,pneumonia,pneumonia patients whose initial emergency room blood culture was performed prior to the administration of the first hospital dose of antibiotics
393,10108,prattville baptist hospital,124 s memorial dr,empty,empty,prattville,al,36067,autauga,3343614267,acute care hospitals,voluntary non-profit - private,yes,heart attack,heart attack patients given aspirin at discharge
394,10108,prattville baptist hospital,124xsxmemorialxdr,empty,empty,prattville,al,36067,autauga,33x361x267,acute care hospitals,voluntary non-profit - private,yes,heart attack,heart attack patients given ace inhibitor or arb for left ventricular systolic dysfunction (lvsd)
395,10108,prattville baptist hospital,124 s memorial dr,empty,empty,prattville,al,36067,autauga,3343614267,acute care hospitals,voluntary non-profit - private,yes,heart attack,heart attack patients given smoking cessation advice/counseling
396,10108,prattville baptist hospital,124 s memorial dr,empty,empty,prattville,al,36067,autauga,3343614267,acute care hospitals,voluntary non-profit - private,yes,heart attack,heart attack patients given beta blocker at discharge
397,10108,prattville baptist hospital,124 s memorial dr,empty,empty,prattville,al,36067,autauga,3343614267,acute care hospitals,voluntary non-profit - private,yes,heart attack,heart attack patients given fibrinolytic medication within 30 minutes of arrival
398,10108,prattville baptist hospital,124 s memorial dr,empty,empty,prattville,al,36067,autauga,3343614267,acute care hospitals,voluntary non-profit - private,yes,heart attack,heart attack patients given pci within 90 minutes of arrival
399,10108,prattville baptist hospital,124 s memorial dr,empty,empty,prattville,al,36067,autauga,3343614267,acute care hospitals,voluntary non-profit - private,yes,heart failure,heart failure patients given discharge instructions
400,10108,prattville baptist hospital,124 s memorial dr,empty,empty,prattville,al,36067,autauga,3343614267,acute care hospitals,voluntary non-profit - private,yes,heart failure,heart failure patients given an evaluation of left ventricular systolic (lvs) function
401,10108,prattville baptist hospital,124 s memorial dr,empty,empty,prattville,al,36067,autauga,3343614267,acute care hospitals,voluntary non-profit - private,yes,hxart failurx,heart failure patients given ace inhibitor or arb for left ventricular systolic dysfunction (lvsd)
402,10108,prattville baptist hospital,124 s memorial dr,empty,empty,prattville,al,36067,autauga,3343614267,acute care hospitals,voluntary non-profit - private,yes,heart failure,heart failure patients given smoking cessation advice/counseling
403,10108,prattville baptist hospital,124 s memorial dr,empty,empty,prattville,ax,36067,autauga,3343614267,acute care hospitals,voluntary non-profit - private,yes,pneumonia,pneumonia patients assessed and given pneumococcal vaccination
404,10108,prattville baptist hospital,124 s memorial dr,empty,empty,prattville,al,36067,autauga,3343614267,acute care hospitals,voluntary non-profit - private,yes,pneumonia,pneumonia patients whose initial emergency room blood culture was performed prior to the administration of the first hospital dose of antibiotics
405,10108,prattville baptist hospital,124 s memorial dr,empty,empty,prattville,al,36067,autauga,3343614267,acute care hospitals,voluntary non-profit - private,yes,pneumonia,pneumonia patients given smoking cessation advice/counseling
406,10108,prattville baptist hospital,124 s memorial dr,empty,empty,prattville,al,36067,autauga,3343614267,acute care hospitals,voluntary non-profit - private,yes,pneumonia,pneumonia patients given initial antibiotic(s) within 6 hours after arrival
407,10108,prattville baptist hospital,124 s memorial dr,empty,empty,prattville,al,3x0x7,autauga,3343614267,acute care hospitals,voluntary non-profit - private,yes,pneumonia,pneumonia patients given the most appropriate initial antibiotic(s)
408,10108,prattville baptist hospital,124 s memorial dr,empty,empty,prattville,al,36067,autauga,3343614267,acute care hospitals,voluntary non-profit - private,yes,pneumonia,pneumonia patients assessed and given influenza vaccination
409,x0x08,prattville baptist hospital,124 s memorial dr,empty,empty,prattville,al,36067,autauga,3343614267,acute care hospitals,voluntary non-profit - private,yes,surgical infection prevention,surgery patients who were taking heart drugs called beta blockers before coming to the hospital who were kept on the beta blockers during the period just before and after their surgery
410,10108,prattville baptist hospital,124 s memorial dr,empty,empty,prattville,al,36067,autauga,3343614267,acute care hospitals,voluntary non-profit - private,yes,surgical infection prevention,surgery patients who were given an antibiotic at the right time (within one hour before surgery) to help prevent infection
411,10108,prattville baptist hospital,124 s memorial dr,empty,empty,prattville,al,36067,autauga,3343614267,acute care hospitals,voluntary non-profit - private,yxs,surgical infection prevention,surgery patients who were given the  right kind  of antibiotic to help prevent infection
412,10108,prattville baptist hospital,124 s mxmorial dr,empty,empty,prattville,al,36067,autauga,3343614267,acute care hosxitals,voluntary non-profit - private,yes,surgical infection prevention,surgery patients whose preventive antibiotics were stopped at the right time (within 24 hours after surgery)
413,10158,russellville hospital,15155 highway 43,empty,empty,russellville,al,35653,franklin,2563321611,acute care hospitals,proprietary,yes,surgical infection prevention,surgery patients whose doctors ordered treatments to prevent blood clots after certain types of surgeries
414,10158,russellville hospital,15155 highway 43,empty,empty,russellville,al,35653,franklin,2563321611,acuxe care hospixals,proprietary,yes,surgical infection prevention,patients who got treatment  at the right time (within 24 hours before or after their surgery) to help prevent blood clots after certain types of surgery
415,10164,coosa valley medical center,315 w hickory st,empty,empty,sylacauga,al,35150,talladega,2562495000,acute care hospitals,voluntary non-profit - other,no,heart attack,heart attack patients given aspirin at arrival
416,10164,coosa valley medical center,315 w hickxry st,empty,empty,sylacauga,al,35150,tallaxega,2562495000,acute care hospitals,voluntary non-profit - other,no,heart attack,heart attack patients given aspirin at discharge
417,10164,coosa valley medical center,315 w hickory st,empty,empty,sylacauga,al,35150,talladega,2562495000,acute care hospitals,voluntary non-profit - other,no,heart attack,heart attack patients given ace inhibitor or arb for left ventricular systolic dysfunction (lvsd)
418,10164,coosa valley medical center,315 w hickory st,empty,empty,sylacauga,al,35150,talladega,2562495000,acute care hospitals,voluntary non-profit - other,no,heart attack,heart attack patients given smoking cessation advice/counseling
419,10164,coosa valley medical center,315 w hickory st,empty,empty,sylacauga,al,35150,talladega,2562495000,acute care hospitals,voluntary non-profit - other,xo,heart attack,heart attack patients given beta blocker at discharge
420,10164,coosa valley medical center,315 w hickory st,empty,empty,sylacauga,al,35150,talladega,2562495000,acute care hospitals,voluntary non-profit - other,no,heart attack,heart attack patients given fibrinolytic medication within 30 minutes of arrival
421,10164,coosa valley medical center,315 w hickory st,empty,empty,sylacauga,al,x5150,talladega,2562495000,acute care hospitals,voluntary non-profit - other,no,heart attack,heart attack patients given pci within 90 minutes of arrival
422,10164,coosa valley medical center,315 w hickory st,empty,empty,sylacauga,al,35150,talladega,2562495000,acute care hospitals,voluntary non-profit - other,no,heart failure,heart failure patients given discharge instructions
423,10164,coosa valley medical center,315 w hickory st,empty,empty,sylacauga,al,35150,talladega,2562495000,acute care hospitals,voluntary non-profit - other,no,heart failure,heart failure patients given an evaluation of left ventricular systolic (lvs) function
424,10164,coosa valley medical center,315 w hickory st,empty,empty,sylacauga,al,35150,talladega,2562495000,acute care hospitals,voluntary non-profit - other,no,heart failure,heart failure patients given ace inhibitor or arb for left ventricular systolic dysfunction (lvsd)
425,10164,coosa valley medical center,315 w hickory st,empty,empty,sylacauga,al,35150,talladega,2562495000,acute care hospitals,voluntary non-profit - other,no,heart failure,heart failure patients given smoking cessation advice/counseling
426,10164,coosa valley medical center,315 w hickory st,empty,empty,sylacauga,al,35150,talladega,2562495000,acute care hospitals,voluntary non-profit - other,no,pneumonia,pneumonia patients assessed and given pneumococcal vaccination
427,10164,coosa valley medical center,315 w hickory st,empty,empty,sylacauga,al,35150,talladega,2562495000,acute care hospitals,voluntary non-profit - other,no,pneumonia,pneumonia patients whose initial emergency room blood culture was performed prior to the administration of the first hospital dose of antibiotics
428,10164,coosa valley medical center,315 w hickory st,empty,empty,sylacauga,al,35150,talladega,2562495000,acute care hospitals,voluntary non-profit - other,no,pneumonia,pneumonia patients given smoking cessation advice/counseling
429,10164,coosa valley medical center,315 w hickory st,empty,empty,sylacauga,al,3x1x0,talladega,2562495000,acute care hospitals,voluntary non-profit - other,no,pneumonia,pneumonia patients given initial antibiotic(s) within 6 hours after arrival
430,10164,coosa valley medical center,315 w hickory st,empty,empty,sylacauga,al,35150,talladega,2562495000,acute care hospitals,voluntary non-profit - other,no,pneumonia,pneumonia patients given the most appropriate initial antibiotic(s)
431,10164,coosa valley medical center,315 w hickory st,empty,empty,sylacauga,al,35150,talladega,2562495000,acute care hospitals,voluntary non-profit - other,no,pneumonia,pneumonia patients assessed and given influenza vaccination
432,10164,coosa valley medical center,315xwxhickoryxst,empty,empty,sylacauga,al,35150,talladega,2562495000,acute care hospitals,voluntary non-profit - other,no,surgical infection prevention,surgery patients who were taking heart drugs called beta blockers before coming to the hospital who were kept on the beta blockers during the period just before and after their surgery
433,20017,alaska regional hospital,2801 debarr road,empty,empty,anchorage,ak,99508,anchorage,9072761131,acute care hospitals,proprietary,yes,heart failure,heart failure patients given discharge instructions
434,20017,alaska regional hospital,2801 debarr road,empty,empty,anchorage,ak,99508,anchorage,9072761131,acute care hospitals,proprietary,yes,heart failure,heart failure patients given an evaluation of left ventricular systolic (lvs) function
435,20017,alaska regional hospital,2801 debarr road,empty,empty,anchorage,ak,99508,anchorage,9072761131,acute care hospitals,proprietary,yes,heart failure,heart faxlure patxents gxven ace inhxbxtor or arb for left ventrxcular systolxc dysfunctxon (lvsd)
436,20017,alaska regional hospital,2801 debarr road,empty,empty,anchorage,ak,99508,anchorage,9072761131,acute care hospitals,proprietary,yes,heart failure,heart failure patients given smoking cessation advice/counseling
437,20017,alaska regional hospital,2801 debarr road,empty,empty,anchorage,ak,99508,anchorage,9072761131,acute care hospitals,proprietary,yes,pneumonia,pneumonia patients assessed and given pneumococcal vaccination
438,20017,alaska regional hospital,2801 debarr road,empty,empty,anchoraxe,ak,99508,anchorage,9072761131,acute care hospitals,proprietary,yes,pneumonia,pneumonia patients whose initial emergency room blood culture was performed prior to the administration of the first hospital dose of antibiotics
439,20017,alaska regional hospital,2801 debarr road,empty,empty,anchorage,ak,99508,anchorage,9072761131,acute care hospitals,proprietary,yes,pneumonia,pneumonia patients given smoking cessation advice/counseling
440,20017,alaska regional hospital,2801 debarr road,empty,empty,anchorage,ak,99508,anchorage,9072761131,acute care hospitals,proprietary,yes,pneumonia,pneumonia patients given initial antibiotic(s) within 6 hours after arrival
441,20017,alaska regional hospital,2801 debarr road,empty,empty,anchorage,ak,99508,anchorage,9072761131,acute care hospitals,proprietary,yes,pneumonia,pneumonia patients given the most appropriate initial antibiotic(s)
442,20017,alaska regional hospital,2801 debarr road,empty,empty,anchorage,ak,99508,anchorage,9072761131,acute care hospitals,proprietary,yes,pneumonia,pneumonia patients assessed and given influenza vaccination
443,20017,alaska regional hospital,2801 debarr road,empty,empty,anchorage,ak,99508,anchorage,9072761131,acute care hospitals,proprietary,yes,surgical infection prevention,surgery patients who were taking heart drugs called beta blockers before coming to the hospital who were kept on the beta blockers during the period just before and after their surgery
444,20017,alaska regional hospital,2801 debarr road,empty,empty,anchorage,ak,99508,anchorage,9072761131,acute care hospitals,proprietary,yes,surgical infection prevention,surgery patients who were given an antibiotic at the right time (within one hour before surgery) to help prevent infection
445,20017,alaska regional hospital,2801 debarr road,empty,empty,anchorage,ak,99508,anchorage,9072761131,acute care hospitals,proprietary,yes,surgical infection prevention,surgery patients who were given the  right kind  of antibiotic to help prevent infection
446,20017,alaska regional hospital,2801 debarr road,empty,empty,anchorage,ak,99508,anchorage,9072761131,acute care hospitals,proprietary,yes,surgical infection prevention,surgery patients whose preventive antibiotics were stopped at the right time (within 24 hours after surgery)
447,20017,alaska regional hospital,2801 debarr road,empty,empty,anchorage,ak,99508,anchorage,9072761131,acute care hospitals,proprietary,yes,surgical infection prevention,all heart surgery patients whose blood sugar (blood glucose) is kept under good control in the days right after surgery
448,20017,alaska regional hospital,2801 debarr road,empty,empty,anchorage,ak,99508,anchorage,9072761131,acute care hospitals,proprietary,yes,surgical infection prevention,surgeryxpatientsxneedingxhairxremovedxfromxthexsurgicalxareaxbeforexsurgery& xwhoxhadxhairxremovedxusingxaxsaferxmethodx(electricxclippersxorxhairxremovalxcreamxï¿½cxnotxaxrazor)
449,20017,xlxskx regionxl hospitxl,2801 debarr road,empty,empty,anchorage,ak,99508,anchorage,9072761131,acute care hospitals,proprietary,yes,surgical infection prevention,surgery patients whose doctors ordered treatments to prevent blood clots after certain types of surgeries
450,20017,alaska regional hospital,2801 debarr road,empty,empty,anchorage,ak,99508,anchorage,9072761131,acute care hospitals,proxrietary,yes,surgical infection prevention,patients who got treatment  at the right time (within 24 hours before or after their surgery) to help prevent blood clots after certain types of surgery
451,20018,yukon kuskokwim delta reg hospital,po box 287,empty,empty,bethel,ak,99559,bethel,9075436300,acute care hospitals,government - federal,no,heart attack,heart attack patients given aspirin at arrival
452,20018,yukon kuskokwim delta reg hospital,poxboxx287,empty,empty,bethel,ak,99559,bethel,9075436300,acute care hospitals,government - federal,no,heart attack,heart attack patients given aspirin at discharge
453,10019,helen keller memorial hospital,1300 south montgomery avenue,empty,empty,sheffield,al,35660,jefferson,2563864556,acute care hospitals,government - hospital district or authority,yes,pneumonia,pneumonia patients assessed and given pneumococcal vaccination
454,10019,helen keller memorial hospital,1300 south montgomery avenue,empty,empty,sheffield,al,35660,jefferson,2563864556,acute care hospitaxs,government - hospital district or authority,yes,pneumonia,pneumonia patients whose initial emergency room blood culture was performed prior to the administration of the first hospital dose of antibiotics
455,10019,helen keller memorial hospital,1300 south montgomery avenue,empty,empty,sheffield,al,35660,jefferson,2563864556,acute care hospitals,government - hospital district or authority,yes,pneumonia,pneumonia patients given smoking cessation advice/counseling
456,10019,helen keller memorial hospital,1300 south montgomery avenue,empty,empty,sheffield,al,35660,jefferson,2563864556,acute care hospitals,government - hospital district or authority,yes,pneumonia,pneumonia patients given initial antibiotic(s) within 6 hours after arrival
457,10019,helen keller memorial hospital,1300 south montgomery avenue,empty,empty,sheffield,al,35660,jxffxrson,2563864556,acute care hospitals,gxvernment - hxspital district xr authxrity,yes,pneumonia,pneumonia patients given the most appropriate initial antibiotic(s)
458,10019,helen keller memorial hospital,1300 south montgomery avenue,empty,empty,sheffield,al,35660,xefferson,2563864556,acute care hospitals,government - hospital district or authority,yes,pneumonia,pneumonia patients assessed and given influenza vaccination
459,10019,helen keller memorial hospital,1300 south montgomery avenue,empty,empty,sheffield,al,35660,jefferson,2563864556,acute care hospitals,government - hospital district or authority,yes,surgical infection prevention,surgery patients who were taking heart drugs called beta blockers before coming to the hospital who were kept on the beta blockers during the period just before and after their surgery
460,10019,helen keller memorial hospital,1300 south montgomery avenue,empty,empty,sheffield,al,35660,jefferson,2563864556,acute care hospitals,government - hospital district or authority,yes,surgical infection prevention,surgery patients who were given an antibiotic at the right time (within one hour before surgery) to help prevent infection
461,10019,helen keller memorial hospital,1300 south montgomery avenue,empty,empty,sheffield,al,35660,jefferson,2563864556,acute care hospitals,government - hospital district or authority,yes,surgical infection prevention,surgery patients who were given the  right kind  of antibiotic to help prevent infection
462,10019,helen keller memorial hospital,1300 south montgomery avenue,empty,empty,sheffield,al,35660,jefferson,2563864556,acute care hospitals,government - hospital district or authority,yes,surgical infection prevention,surgery patients whose preventive antibiotics were stopped at the right time (within 24 hours after surgery)
463,10019,helen keller memorial hospital,1300 south montgomery avenue,empty,empty,sheffield,al,35660,jefferson,2563864556,acute care hospitals,government - hospital district or authority,yes,surgical infection prevention,all heart surgery patients whose blood sugar (blood glucose) is kept under good control in the days right after surgery
464,10019,helen keller memorial hospital,1300 south montgomery avenue,empty,empty,sheffield,al,35660,jefferson,2563864556,acute care hospitals,government - hospital district or authority,yes,surgical infection prevention,surgery patients needing hair removed from the surgical area before surgery who had hair removed using a safer method (electric clippers or hair removal cream c not a razor)
465,10019,helen keller memorial hospital,1300 south montgomery avenue,empty,empty,sheffield,al,35660,jefferson,2563864556,acute care hospitals,government - hospital district or authority,yes,surgical infection prevention,surgery patients whose doctors ordered treatments to prevent blood clots after certain types of surgeries
466,10019,helen keller memorial hospital,1300 south montgomery avenue,empty,empty,sheffield,al,35660,jexxerson,2563864556,acute care hospitals,government - hospital district or authority,yes,surgical infection prevention,patients who got treatment  at the right time (within 24 hours before or after their surgery) to help prevent blood clots after certain types of surgery
467,10021,dale medical center,126 hospital ave,empty,empty,ozark,al,36360,dale,3347742601,acute care hospitals,government - hospital district or authority,yes,heart attack,heart attack patients given aspirin at arrival
468,10021,dale medical center,126 hospital ave,empty,empty,ozark,al,36360,dale,3347742601,acute care hospitals,government - hospital district or authority,yes,hexrt attxck,heart attack patients given aspirin at discharge
469,10021,dale medical center,126 hospital ave,empty,empty,ozark,al,36360,dale,3347742601,acute care hospitals,government - hospital district or authority,yes,heart attack,heart attack patients given ace inhibitor or arb for left ventricular systolic dysfunction (lvsd)
470,10021,dale medical center,126 hospital ave,empty,empty,ozark,al,36360,dale,3347742601,acute care hospitals,government - hospital district or authority,yes,heart attack,heart attack patients given smoking cessation advice/counseling
471,10021,dale medical center,126 hospital ave,empty,empty,ozark,al,36360,dale,3347742601,acute care hospitals,government - hospital district or authority,yes,heart attack,heart attack patients given beta blocker at discharge
472,10021,dale medical center,126 hospital ave,empty,empty,ozark,al,36360,dale,334774x601,acute care hospitals,government - hospital district or authority,yes,heart attack,heart attack patients given fibrinolytic medication within 30 minutes of arrival
473,10021,dale medical center,126xhospitalxave,empty,empty,ozark,al,36360,dale,3347742601,acute care hospitals,government - hospital district or authority,yes,heart attack,heart attack patients given pci within 90 minutes of arrival
474,10021,dale medical center,126 hospital ave,empty,empty,ozark,al,36360,dale,3347742601,acute care hospitals,government - hospital district or authority,yes,heart failure,heaxt failuxe patients given dischaxge instxuctions
475,10021,dale medical center,126 hospital ave,empty,empty,ozarx,al,36360,dale,3347742601,acute care hospitals,government - hospital district or authority,yes,heart failure,heart failure patients given an evaluation of left ventricular systolic (lvs) function
476,10021,dale medical center,126 hospital ave,empty,empty,ozark,al,36360,dale,3347742601,acute care hospitals,government - hospital district or authority,yes,heart failure,heart failure patients given ace inhibitor or arb for left ventricular systolic dysfunction (lvsd)
477,10021,dale medical center,126 hospital ave,empty,empty,ozark,al,36360,dale,3347742601,acute care hospitals,government - hospital district or authority,yes,heart failure,heart failure patients given smoking cessation advice/counseling
478,10021,dale medical center,126 hospital ave,empty,empty,ozark,xl,36360,dale,3347742601,acute care hospitals,government - hospital district or authority,yes,pneumonia,pneumonia patients assessed and given pneumococcal vaccination
479,10021,dale medical center,126 hospital ave,empty,empty,ozark,al,36360,dale,3347742601,acute care hospitals,government - hospital district or authority,yes,pneumonia,pneumonia patients whose initial emergency room blood culture was performed prior to the administration of the first hospital dose of antibiotics
480,10021,dale medical center,126 hospital ave,empty,empty,ozark,al,36360,dale,3347742601,acute care hospitals,government - hospital district or authority,yes,pneumonia,pneumonia patients given smoking cessation advice/counseling
481,10021,dale medical center,126 hospital ave,empty,empty,ozark,al,36360,dale,3347742601,acute care hospitals,government - hospital district or authority,yes,pneumonia,pneumonia patients given initial antibiotic(s) within 6 hours after arrival
482,10021,dale medical center,126 hospital ave,empty,empty,ozark,al,36360,dale,3347742601,acute care hospitals,government - hospital district or authority,yes,pneumonia,pneumonia patients given the most appropriate initial antibiotic(s)
483,10021,dale medical center,126 hospital ave,empty,empty,ozark,al,36360,dale,3347742601,acute care hospitals,government - hospital district or authority,yes,pneumonia,pneumonia patients assessed and given influenza vaccination
484,10021,dale medical center,126 hospital ave,empty,empty,ozark,xl,36360,dale,3347742601,acute care hospitals,government - hospital district or authority,yes,surgical infection prevention,surgery patients who were taking heart drugs called beta blockers before coming to the hospital who were kept on the beta blockers during the period just before and after their surgery
485,10021,dale medical center,1x6 hospital ave,empty,empty,ozark,al,36360,dale,3347742601,acute care hospitals,government - hospital district or authority,yes,surgical infection prevention,surgery patients who were given an antibiotic at the right time (within one hour before surgery) to help prevent infection
486,10021,dale medical center,126 hospital ave,empty,empty,xzark,al,36360,dale,3347742601,acute care hospitals,government - hospital district or authority,yes,surgical infection prevention,surgery patients who were given the  right kind  of antibiotic to help prevent infection
487,10021,dale medical center,126 hospital ave,empty,empty,ozark,al,36360,dale,3347742601,acute care hospitals,government - hospital district or authority,yes,surgical infection prevention,surgery patients whose preventive antibiotics were stopped at the right time (within 24 hours after surgery)
488,10021,dale medical center,126 hospital ave,empty,empty,ozark,al,36360,dale,3347742601,acute care hospitals,government - hospital district or authority,yes,surgical infection prevention,all heart surgery patients whose blood sugar (blood glucose) is kept under good control in the days right after surgery
489,10021,dale medical center,126 hospital ave,empty,empty,ozark,al,36360,dale,3347742601,acute care hospitals,government - hospital district or authority,yes,surgical infection prevention,surgery patients needing hair removed from the surgical area before surgery who had hair removed using a safer method (electric clippers or hair removal cream c not a razor)
490,10021,dale medical center,126 hospital ave,empty,empty,ozark,al,36360,dale,3347742601,acute care hospitals,government - hospital district or authority,yes,surgical infection prevention,surgery patients whose doctors ordered treatments to prevent blood clots after certain types of surgeries
491,10021,dale medical center,126 hospital ave,empty,empty,ozark,al,x6x60,dale,3347742601,acute caxe hospitals,government - hospital district or authority,yes,surgical infection prevention,patients who got treatment  at the right time (within 24 hours before or after their surgery) to help prevent blood clots after certain types of surgery
492,10022,cherokee medical center,400 northwood dr,empty,empty,centre,al,35960,cherokee,2569275531,acute care hospitals,voluntary non-profit - private,yes,heart attack,heart attack patients given aspirin at arrival
493,10022,cherokee medical center,400 northwood dr,empty,empty,centre,al,35960,cherokee,2569275531,acute care hospitals,voluntary non-profit - private,yxs,heart attack,heart attack patients given aspirin at discharge
494,10022,cherokee medical center,400 northwood dr,empty,empty,centre,al,35960,cherokee,2569275531,acute care hxspitals,voluntaryxnon-profitx-xprivate,yes,heart attack,hxart attack patixnts givxn ace inhibitor or arb for lxft vxntricular systolic dysfunction (lvsd)
495,10022,cherokee medical center,400 northwood dr,empty,empty,centre,al,35960,cherokee,2569275531,acute care hospitals,voluntary non-profit - private,yes,heart attack,heart attack patients given smoking cessation advice/counseling
496,10022,cherokee medical center,400 northwood dr,empty,empty,centre,al,35960,cherokee,2569275531,acute care hospitals,voluntary non-profit - private,yes,heart attack,heart attack patients given beta blocker at discharge
497,10022,cherokee medical center,400 northwood dr,empty,empty,centre,al,35960,cherokee,2569275531,acute care hospitals,voluntary non-profit - private,yes,heart attack,heart attack patients given fibrinolytic medication within 30 minutes of arrival
498,10022,cherokee medical center,400 northwood dr,empty,empty,centre,al,35960,cherokee,2569275531,acutx carx hospitals,voluntary non-profit - private,yes,heart attack,heart attack patients given pci within 90 minutes of arrival
499,10022,cherokee medical center,400 northwood dr,empty,empty,centre,al,35960,cherokee,2569275531,acute care hospitals,voluntary non-profit - private,yes,heart failure,heart failure patients given discharge instructions
500,10022,cherokee medical center,400 northwood dr,empty,empty,centre,al,x5960,cherokee,2569275531,acute care hospitals,voluntary non-profit - private,yes,heart failure,heart failure patients given an evaluation of left ventricular systolic (lvs) function
501,10022,cherokee medical center,400 northwood dr,empty,empty,centre,al,35960,cherokee,2569275531,acute care hospitals,voluntary non-profit - private,yes,heart failure,heart failure patients given ace inhibitor or arb for left ventricular systolic dysfunction (lvsd)
502,10022,cherokee medical center,400 northwood dr,empty,empty,centre,al,35960,cherokee,2569275531,acute care hospitals,voluntary non-profit - private,yes,heart failure,heart failure patients given smoking cessation advice/counseling
503,10022,cherokee medical center,400 northwood dr,empty,empty,centre,al,35960,chxrokxx,2569275531,acute care hospitals,voluntary non-profit - private,yes,pneumonia,pneumonia patients assessed and given pneumococcal vaccination
504,10022,cherokee medical center,400 northwood dr,empty,empty,centre,al,35960,cherokee,2569275531,acute care hospitals,voluntary non-profit - private,yes,pneumonia,pneumonia patients whose initial emergency room blood culture was performed prior to the administration of the first hospital dose of antibiotics
505,10022,cherokee medical center,400 northwood dr,empty,empty,centre,ax,35960,cherokee,2569275531,acute care hospitals,voluntary non-profit - private,yes,pneumonia,pneumonia patients given smoking cessation advice/counseling
506,10022,cherokee medical center,400 northwood dr,empty,empty,centre,al,35960,cherokee,2569275531,acute care hospitals,voluntary non-profit - private,yes,pneumonia,pneumonia patients given initial antibiotic(s) within 6 hours after arrival
507,10022,cherokee medical center,400 northwood dr,empty,empty,centre,al,35960,cherokee,2569275531,acute care hospitals,voluntary non-profit - private,yes,pneumonix,pneumonia patients given the most appropriate initial antibiotic(s)
508,10022,cherokee medical center,400 northwood dr,empty,empty,centre,al,35960,cherokee,2569275531,acute care hospitals,voluntary non-profit - private,yes,pneumonia,pneumonix pxtients assessed xnd given influenzx vxccinxtion
509,10022,cherokee medical center,400 northwood dr,empty,empty,centre,al,35960,cherokee,2569275531,acute care hospitals,voluntary non-profit - private,yes,surgical infection prevention,surgery patients who were taking heart drugs called beta blockers before coming to the hospital who were kept on the beta blockers during the period just before and after their surgery
510,10022,cherokee medical center,400 northwood dr,empty,empty,centre,al,35960,cherokee,2569275531,acute care hospitals,voluntary non-profit - private,yes,surgical infection prevention,surgery patients who were given an antibiotic at the right time (within one hour before surgery) to help prevent infection
511,10022,cherokee medical center,400 northwood dr,empty,empty,centre,al,35960,cherokee,2569275531,acute care hospitals,voluntary non-profit - private,yes,surgical infection prevention,surgery patients who were given the  right kind  of antibiotic to help prevent infection
512,10022,cherokee medical center,400 northwood dr,empty,empty,centre,al,35960,cherokee,2569275531,acuxe care hospixals,voluntary non-profit - private,yes,surgical infection prevention,surgery patients whose preventive antibiotics were stopped at the right time (within 24 hours after surgery)
513,10022,cherokee medical center,400 northwood dr,empty,empty,centre,al,35960,cherokee,2569275531,acute care hospitals,voluntary non-profit - private,yes,surgical infection prevention,all heart surgery patients whose blood sugar (blood glucose) is kept under good control in the days right after surgery
514,10022,cherokee medical center,400 northwood dr,empty,empty,centre,al,35960,chxrokxx,2569275531,acute care hospitals,voluntary non-profit - private,yes,surgical infection prevention,surgery patients needing hair removed from the surgical area before surgery who had hair removed using a safer method (electric clippers or hair removal cream c not a razor)
515,10022,cherokee medical center,400 northwood dr,empty,empty,centre,al,35960,cherokee,2569275531,acute care hospitals,voluntary non-profit - private,yes,surgical infection prevention,surgery patients whose doctors ordered treatments to prevent blood clots after certain types of surgeries
516,10022,cherokee medical center,400 northwood dr,empty,empty,centre,al,35960,cherokee,2569275531,acute care hospitals,voluntary non-profit - private,yes,surgical infection prevention,patients who got treatment  at the right time (within 24 hours before or after their surgery) to help prevent blood clots after certain types of surgery
517,10023,baptist medical center south,2105 east south boulevard,empty,empty,montgomery,al,36116,montgomery,3342xx2100,acute care hospitals,voluntary non-profit - church,yes,heart attack,heart attack patients given aspirin at arrival
518,10023,baptist medical center south,2105 east south boulevard,empty,empty,montxomery,al,36116,montgomery,3342882100,acute care hospitals,voluntary non-profit - church,yes,heart attack,heart attack patients given aspirin at discharge
519,10023,baptist medical center south,2105 east south boulevard,empty,empty,montgomery,al,36116,montgomery,3342882100,acute care hospitals,voluntary non-profit - church,yes,heart attack,heart attack patients given ace inhibitor or arb for left ventricular systolic dysfunction (lvsd)
520,10023,baptist medical center south,2105 east south boulevard,empty,empty,montgomery,al,36116,montgomery,3342882100,acute care hospitals,voluntary non-profit - church,yes,heart attack,heart attack patients given smoking cessation advice/counseling
521,10023,baptist medical center south,2105 east south boulevard,empty,empty,montgomery,al,36116,montgomery,3342882100,acute care hospitals,voluntary non-profit - church,yes,heart attack,heart attack patients given beta blocker at discharge
522,10023,baptist medical center south,2105 east south boulevard,empty,empty,montgomery,al,36116,montgomery,3342882100,acute care hospitals,voluntary non-profit - church,yxs,heart attack,heart attack patients given fibrinolytic medication within 30 minutes of arrival
523,10023,baptist medical center south,2105 east south boulevard,empty,empty,montgomery,al,36116,montgomery,3342882100,acute care hospitals,voluntary non-profit - church,yes,heart attack,heart attack patients given pci within 90 minutes of arrival
524,10023,baptist medical center south,2105 east south boulevard,empty,empty,montgomery,al,36116,montgomery,3342882100,acute care hospitals,voluntary non-profit - church,yes,heart failure,heart failure patients given discharge instructions
525,10023,baptist medical center south,2105 east south boulevard,empty,empty,montgomery,al,36116,montgomery,3342882100,acute care hospitals,voluntary non-profit - church,yes,heart failure,heart failure patients given an evaluation of left ventricular systolic (lvs) function
526,10023,baptist medical center south,2105 east south boulevard,empty,empty,montgomery,al,36116,montgomery,3342882100,acute care hospitals,voluntary non-profit - church,yes,heart failure,heart failure patients given ace inhibitor or arb for left ventricular systolic dysfunction (lvsd)
527,10023,baptist medical center south,2105 east south boulevard,empty,empty,montgomery,al,36116,montgomery,3342882100,acute care hospitals,volxntary non-profit - chxrch,yes,heart failure,heart failure patients given smoking cessation advice/counseling
528,10023,baptist medical center south,2105 east south boulevard,empty,empty,montgomery,al,36116,monxgomery,3342882100,acute care hospitals,voluntary non-profit - church,yes,pneumonia,pneumonia patients assessed and given pneumococcal vaccination
529,10023,baptist medical center south,2105 east south boulevard,empty,empty,montgomery,al,36116,montgomery,3342882100,acute care hospitals,voluntary non-profit - church,yes,pneumonia,pneumonia patients whose initial emergency room blood culture was performed prior to the administration of the first hospital dose of antibiotics
530,10023,baptist medical center south,2105 east south boulevard,empty,empty,montgomery,al,36116,montgomery,3342882100,acute care hospitals,voluntary non-profit - church,yes,pneumonia,pneumonia patients given smoking cessation advice/counseling
531,10023,baptist medical center south,2105 east south boulevard,empty,empty,montgomery,al,36116,montgomery,3342882100,acute care hospitals,voluntary non-profit - church,yes,pneumonia,pneumonia patients given initial antibiotic(s) within 6 hours after arrival
532,10023,baptist medical center south,2105 east south boulevard,empty,empty,montgomery,al,36116,montgomery,3342882100,acute care hospitals,voluntary non-profit - church,yes,pneumonia,pneumonia patients given the most appropriate initial antibiotic(s)
533,10023,baptist medical cexter south,2105 east south boulevard,empty,empty,montgomery,al,36116,montgomery,3342882100,acute care hosxitals,voluntary non-profit - church,yes,pneumonia,pxeumoxia patiexts assessed axd givex ixfluexza vaccixatiox
534,10023,baptist medical center south,2105 east south boulevard,empty,empty,montgomery,al,36116,montgomery,3342882100,acute care hospitals,voluntary non-profit - church,yes,surgical infection prevention,surgery patients who were taking heart drugs called beta blockers before coming to the hospital who were kept on the beta blockers during the period just before and after their surgery
535,10023,baptist medical center south,2105 east south boulevard,empty,empty,montgomery,al,36116,montgomery,3342882100,acute care hospitals,voluntary non-profit - church,yes,surgical infection prevention,surgery patients who were given an antibiotic at the right time (within one hour before surgery) to help prevent infection
536,10023,baptist medical center south,2105 east south boulevard,empty,empty,montgomery,al,36116,montgomery,3342882100,acute care hospitals,voluntary non-profit - church,yes,surgical infection prevention,surgery patients who were given the  right kind  of antibiotic to help prevent infection
537,10023,baptist medical center south,2105 east south boulevard,empty,empty,montgomery,al,36116,montgomery,3342882100,acute care hospitals,voluntary non-profit - church,yex,surgical infection prevention,surgery patients whose preventive antibiotics were stopped at the right time (within 24 hours after surgery)
538,10023,baptist medical center south,2105 east south boulevard,empty,empty,montgomery,al,36116,montgomery,3342882100,acute care hospitals,voluntary non-profit - church,yes,surgical infection prevention,all heart surgery patients whose blood sugar (blood glucose) is kept under good control in the days right after surgery
539,10023,baptist medical center south,2105 east south boulevard,empty,empty,montgomery,al,36116,montgomery,3342882100,acute care hospitals,voluntary non-profit - church,yes,surgical infection prevention,surgery patients needing hair removed from the surgical area before surgery who had hair removed using a safer method (electric clippers or hair removal cream c not a razor)
540,10023,baptist medical center south,2105 east south boulevard,empty,empty,montgomery,al,36116,montgomery,3342882100,acute care hospitals,voluntary non-profit - church,yes,surgical infection prevention,surgery patients whose doctors ordered treatments to prevent blood clots after certain types of surgeries
541,10023,baptist medical center south,2105 east south boulevard,empty,empty,montgomery,al,36116,montgomexy,3342882100,acute care hospitals,voluntary non-profit - church,yes,surgical infection prevention,patients who got treatment  at the right time (within 24 hours before or after their surgery) to help prevent blood clots after certain types of surgery
542,10024,jackson hospital & clinic inc,1725 pine street,empty,empty,montgomery,al,36106,montgomery,3342938000,acute care hospitals,voluntary non-profit - private,yes,heart attack,hexrt attxck pxtients given aspirin xt arrivxl
543,10024,jackson hospital & clinic inc,1725 pine street,empty,empty,montgomery,al,36106,montgomery,3342938000,acute care hospitals,voluntary non-profit - private,yes,heart attack,heart attack patients given aspirin at discharge
544,10024,jackson hospital & clinic inc,1725 pine street,empty,empty,montgomery,al,36106,montgomery,3342938000,acute care hospitals,voluntary non-profit - private,yes,heart attack,heart attack patients given ace inhibitor or arb for left ventricular systolic dysfunction (lvsd)
545,10024,jackson hospital & clinic inc,1725 pine street,empty,empty,montgomery,al,3x10x,montgomery,3342938000,acute care hospitals,voluntary non-profit - private,yes,heart attack,heart attack patients given smoking cessation advice/counseling
546,10024,jackson hospital & clinic inc,1725 pine street,empty,empty,montgomery,al,36106,montgomery,3342938000,acute care hospitals,voluntary non-profit - private,yes,heart attack,heaxt attack patients given beta blockex at dischaxge
547,10024,jackson hospital & clinic inc,1725 pine street,empty,empty,montgomery,al,36106,montgomery,3342938000,acute care hospitals,voluntary non-profit - private,yes,heart attack,heart attack patients given fibrinolytic medication within 30 minutes of arrival
548,10024,jackson hospital & clinic inc,1725 pine street,empty,empty,montgomery,al,36106,montgomery,3342938000,acute care hospitals,voluntary non-profit - private,yes,heart attack,heart attack patients given pci within 90 minutes of arrival
549,10024,jackson hospital & clinic inc,1725 pine street,empty,empty,montgomery,al,36106,montgomery,3342938xxx,acute care hospitals,voluntary non-profit - private,yes,heart failure,heart failure patients given discharge instructions
550,10024,jackson hospital & clinic inc,1725 pine street,empty,empty,montgomery,al,36106,montgomery,3342938000,acute care hospitals,voluntary non-profit - private,yes,heart failure,heart failure patients given an evaluation of left ventricular systolic (lvs) function
551,10024,jackson hospital & clinic inc,1725 pine street,empty,empty,montgomery,al,36106,montgomery,3342938000,acute care hospitals,voluntary non-profit - private,yes,heart failure,heart failure patients given ace inhibitor or arb for left ventricular systolic dysfunction (lvsd)
552,10024,jackson hospital & clinic inc,1725 pine street,empty,empty,montgomery,al,36106,monxgomery,3342938000,acute care hospitals,voluntary non-profit - private,yes,heart failure,heart failure patients given smoking cessation advice/counseling
553,10024,jackson hospital & clinic inc,1725 pine street,empty,empty,montgomery,al,36106,montgomery,3342938000,acute care hospitals,voluntary non-profit - private,yes,pneumonia,pneumonia patients assessed and given pneumococcal vaccination
554,10024,jackson hospital & clinic inc,1725 pine street,empty,empty,montgomery,al,36106,montgomery,3342938000,acute care hospitals,voluntary non-profit - private,yes,pneumonia,pneumonia patients whose initial emergency room blood culture was performed prior to the administration of the first hospital dose of antibiotics
555,10024,jackson hospital & clinic inc,1725 pine street,empty,empty,montgomery,al,36106,montgomery,3342938000,acute care hospitals,voluntary non-profit - private,yes,pneumonia,pneumonia patients given smoking cessation advice/counseling
556,10024,jackson hospital & clinic inc,1725 pine street,empty,empty,montgomery,al,36106,montgomery,3342938000,acute care hospitals,voluntary non-profit - private,yes,pxeumoxia,pneumonia patients given initial antibiotic(s) within 6 hours after arrival
557,10024,jackson hospital & clinic inc,1725 pine street,empty,empty,montgomery,al,36106,montgomery,3342938000,acute care hospitals,voluntary non-profit - private,yes,pneumonia,pneumonia patients given the most appropriate initial antibiotic(s)
558,10024,jackson hospital & clinic inc,1725 pine street,empty,empty,montgomery,al,36106,montgomery,3342938000,acute care hospitals,voluntary non-profit - private,yes,pneumonia,pneumonia patients assessed and given influenza vaccination
559,10024,jackson hospital & clinic inc,1725 pine street,empty,empty,montgomery,al,36106,montgomery,3342938000,acute care hospitals,voluntary non-profit - private,yes,surgical infection prevention,surgery patients who were taking heart drugs called beta blockers before coming to the hospital who were kept on the beta blockers during the period just before and after their surgery
560,1xx24,jackson hospital & clinic inc,1725 pine street,empty,empty,montgomery,xl,36106,montgomery,3342938000,acute care hospitals,voluntary non-profit - private,yes,surgical infection prevention,surgery patients who were given an antibiotic at the right time (within one hour before surgery) to help prevent infection
561,10024,jaxkson hospital & xlinix inx,1725 pine street,empty,empty,montgomery,al,36106,montgomery,3342938000,acute care hospitals,voluntary non-profit - private,yes,surgical infection prevention,surgery patients who were given the  right kind  of antibiotic to help prevent infection
562,10024,jackson hospital & clinic inc,1725 pine street,empty,empty,montgomery,al,36106,montgomery,33x2938000,acute care hospitals,voluntary non-profit - private,yes,surgical infection prevention,surgery patients whose preventive antibiotics were stopped at the right time (within 24 hours after surgery)
563,10024,jackson hospital & clinic inc,1725 pine street,empty,empty,montgomery,al,36106,montgomery,3342938xxx,acute care hospitals,voluntary non-profit - private,yes,surgical infection prevention,allxheartxsurgeryxpatientsxwhosexbloodxsugarx(bloodxglucose)xisxkeptxunderxgoodxcontrolxinxthexdaysxrightxafterxsurgery
564,10024,jackson hospital & clinic inc,1725 pine street,empty,empty,montgomery,al,36106,montgomery,3342938000,acute care hospitals,voluntary non-profit - private,yes,surgical infection prevention,surgery patients needing hair removed from the surgical area before surgery who had hair removed using a safer method (electric clippers or hair removal cream c not a razor)
565,10024,jackson hospital & clinic inc,1725 pine street,empty,empty,montgomery,al,36106,montgomery,3342938000,acute care hospitals,voluntary non-profit - private,xes,surgical infection prevention,surgery patients whose doctors ordered treatments to prevent blood clots after certain types of surgeries
566,10024,jackson hospital & clinic inc,1725 pine street,empty,empty,montgomery,al,36106,montgomery,3342938000,acute care hospitals,voluntary non-profit - private,yes,surgical infection prevention,patients who got treatment  at the right time (within 24 hours before or after their surgery) to help prevent blood clots after certain types of surgery
567,10025,g h lanier memorial hospital,4800 48th st,empty,empty,valley,al,36854,chambers,3347561400,acute care hospitals,voluntary non-profit - other,yes,heart attack,heart attack patients given aspirin at arrival
568,10025,g h lanier memorial hospital,4800 48th st,empty,empty,valley,al,36854,chambers,3347561400,acute care hospitals,voluntary non-profit - other,yes,heart attack,heart attack patients given aspirin at discharge
569,10025,g h lanier memorial hospital,4800 48th st,empty,empty,valley,al,36854,chambers,3347561400,acute care hospitals,voluntary non-profit - other,yes,heart attack,heart attack patients given ace inhibitor or arb for left ventricular systolic dysfunction (lvsd)
570,10025,g h lanier memorial hospital,4800 48th st,empty,empty,valley,al,36854,chambers,3347561400,acute care hospitals,voluntary non-profit - other,yes,heart attack,heart attack patients given smoking cessation advice/counseling
571,10025,g h lanier memorial hospital,4800 48th st,empty,empty,valley,al,36854,chambers,3347561400,acute care hospitals,voluntary non-profit - other,yes,heart attack,heart attack patients given beta blocker at discharge
572,10025,g h lanier memorial hospital,4800 48th st,empty,empty,valley,al,36854,chambers,3347561400,acute care hospitals,voluntary non-profit - other,yes,heart attack,heart attack patients given fibrinolytic medication within 30 minutes of arrival
573,10025,g h lanier memorial hospital,4800 48th st,empty,empty,valley,ax,36854,chambers,334x561400,acute care hospitals,voluntary non-profit - otxer,yes,heart attack,heart attack patients given pci within 90 minutes of arrival
574,10025,g h lanier memorial hospital,4800 48th st,empty,empty,valley,al,36854,chambers,3347561400,acute care hospitals,voluntary non-profit - other,yes,heart failure,heart failure patients given discharge instructions
575,10025,g h lanier memorial hospital,4800 48th st,empty,empty,valley,al,36854,chambers,3347561400,acute care hospitals,voluntary non-profit - other,yes,heart failure,heart failure patients given an evaluation of left ventricular systolic (lvs) function
576,10025,g h lanier memorial hospital,4800 48th st,empty,empty,valley,al,36854,chambers,3347561400,acute care hospitals,voluntary non-profit - other,yes,heart failure,heart failure patients given ace inhibitor or arb for left ventricular systolic dysfunction (lvsd)
577,10025,g h lanier memorial hospital,4800 48th st,empty,empty,valley,al,36854,chambers,3347561400,acute care hospitals,voluntary non-profit - other,yes,heart failure,heart failure patients given smoking cessation advice/counseling
578,10025,g h lanier memorial hospital,4800 48th st,empty,empty,valley,al,36854,chambers,3347561400,acute care hospitals,voluntary non-profit - other,yes,pneumonia,pneumonia patients assessed and given pneumococcal vaccination
579,10025,g h lanier memorial hospital,4800 48th st,empty,empty,vallex,al,36854,xhambers,3347561400,acute care hospitals,voluntary non-profit - other,yes,pneumonia,pneumonia patients whose initial emergency room blood culture was performed prior to the administration of the first hospital dose of antibiotics
580,10025,g h lanier memorial hospital,4800 48th st,empty,empty,valley,al,36854,chambers,3347561400,acute care hospitals,voluntary non-profit - other,xes,pneumonia,pneumonia patients given smoking cessation advice/counseling
581,10025,g h lanier memorial hospital,4800 48th st,empty,empty,valley,al,36854,chambers,3347561400,acute care hospitals,voluntary non-profit - other,yes,pneumonia,pneumonia patients given initial antibiotic(s) within 6 hours after arrival
582,10025,g h lanier memorial hospital,4800 48th st,empty,empty,valley,al,36854,chambers,3347561400,acute care hospitals,voluntary non-profit - other,yes,pneumonia,pneumonia patients given the most appropriate initial antibiotic(s)
583,10025,g h lanier memorial hospital,4800 48th st,empty,empty,valley,al,36854,chambers,3347561400,acute care hospitals,voluntary non-profit - other,yes,pneumonia,pneumonia patients assessed and given influenza vaccination
584,10025,g h lanier memorial hospital,4800 48th st,empty,empty,valley,al,36854,chambers,3347561400,acute care hospitals,voluntary non-profit - other,yes,surgical infection prevention,surgery patients who were taking heart drugs called beta blockers before coming to the hospital who were kept on the beta blockers during the period just before and after their surgery
585,10025,g h lanier memorial hospital,4800 48th st,empty,empty,valley,al,36854,chambers,3347561400,acute care hospitals,voluntary non-profit - other,yes,surgical infection prevention,surgery patients who were given an antibiotic at the right time (within one hour before surgery) to help prevent infection
586,10025,g h lanier memorial hospital,4800 48th st,empty,empty,valley,al,36854,chambers,3347561400,acute care hospitals,voluntary non-profit - other,yes,surgical infection prevention,surgery patients who were given the  right kind  of antibiotic to help prevent infection
587,10025,g h lanier memorial hospital,4800 48th st,empty,empty,valley,al,36854,chambers,3347561400,acute care hospitals,voluntary non-profit - other,yes,surgical infection prevention,surgery patients whose preventive antibiotics were stopped at the right time (within 24 hours after surgery)
588,10025,g h lanier memorial hospital,4800 48th st,empty,empty,valley,al,36854,chambers,3347561400,acute care hospitals,voluntary non-profit - other,xes,surgical infection prevention,all heart surgery patients whose blood sugar (blood glucose) is kept under good control in the days right after surgery
589,10025,g h lanier memorial hospital,4800 48th st,empty,empty,valley,al,36854,chambers,3347561400,acuxe care hospixals,voluntary non-profit - other,yes,surgical infection prevention,surgery patients needing hair removed from the surgical area before surgery who had hair removed using a safer method (electric clippers or hair removal cream c not a razor)
590,10025,g h lanier memorial hospital,4800 48th st,empty,empty,valley,al,36854,chambers,3347561400,acute care hospitals,voluntary non-profit - other,yes,surgical infection prevention,surgery patients whose doctors ordered treatments to prevent blood clots after certain types of surgeries
591,10025,g h lanier memorial hospital,4800 48th st,empty,empty,vxlley,al,36854,chaxbers,3347561400,acute care hospitals,voluntary non-profit - other,yes,surgical infection prevention,patients who got treatment  at the right time (within 24 hours before or after their surgery) to help prevent blood clots after certain types of surgery
592,10027,elba general hospital,987 drayton street,empty,empty,elba,al,36323,coffee,3348972257,acute care hospitals,voluntary non-profit - other,yes,heart attack,heart attack patients given aspirin at arrival
593,10027,elba general hospital,987 drayton street,empty,empty,elba,ax,36323,coffee,3348972257,acute care hospitals,voluntary non-profit - other,yes,heart attack,heart attack patients given aspirin at discharge
594,10027,elba general hospital,987 drayton street,empty,empty,elba,al,36323,coffee,33x8972257,acute care hospitals,voluntary non-profit - other,yes,heart attack,heart attack patients given ace inhibitor or arb for left ventricular systolic dysfunction (lvsd)
595,10027,elba general hospital,987 drayton street,empty,empty,elba,al,36323,coffee,3348972257,acute care hospitals,voluntary non-profit - other,yes,heart attack,heart attack patients given smoking cessation advice/counseling
596,10027,elba general hospital,987 drayton street,empty,empty,elba,al,36323,coffee,3348972257,acute care hospitals,voluntary non-profit - other,yes,heart attack,heart attack patients given beta blocker at discharge
597,10027,elba general hospital,987 drayton street,empty,empty,elba,al,36323,coffee,3348972257,acute care hospitals,voluntary non-profit - other,yes,heart attack,heart attack patients given fibrinolytic medication within 30 minutes of arrival
598,10027,elba general hospital,987 drayton street,empty,empty,elba,al,36323,coffee,3348972257,acute care hospitals,voluntary non-profit - other,yes,heart attack,heart attack patients given pci within 90 minutes of arrival
599,10027,elba general hospital,987 drayton street,empty,empty,elba,al,36323,coffee,3348972257,acute care hospitals,voluntary non-profit - other,yes,heart failure,heart failure patients given discharge instructions
600,10027,elba general hospital,987 drayton street,empty,empty,elba,al,36323,coffee,3348972257,acute care hospitals,voluntary non-profit - other,yes,heart faixure,heart failure patients given an evaluation of left ventricular systolic (lvs) function
601,10027,elba general hospital,987 drayton street,empty,empty,elba,al,36323,coffee,3348972257,acute care hospitals,voluntary non-profit - other,yes,heart failure,heart failure patients given ace inhibitor or arb for left ventricular systolic dysfunction (lvsd)
602,10027,elba general hospital,987 drayton street,empty,empty,exba,al,36323,coffee,3348972257,acute care hospitals,voluntary non-profit - other,yes,heart failure,heart failure patients given smoking cessation advice/counseling
603,10027,elba general hospital,987 drayton street,empty,empty,elba,al,36323,coffxx,3348972257,acute care hospitals,voluntary non-profit - other,yes,pneumonia,pneumonia patients assessed and given pneumococcal vaccination
604,10027,elba general hospital,987 drayton street,empty,empty,elba,al,36323,coffee,3348972257,acute care hospitals,voluntary non-profit - other,yes,pneumonia,pneumonia patients whose initial emergency room blood culture was performed prior to the administration of the first hospital dose of antibiotics
605,10027,elba general hospital,987 drayton street,empty,empty,elba,al,36323,coffee,3348972257,acute care hospitals,voluntary non-profit - other,yes,pneumonia,pneumonia patients given smoking cessation advice/counseling
606,10027,elba general hospital,987 drayton street,empty,empty,elba,al,36323,coffee,3348972257,acute care hospitals,voluntary non-profit - other,yes,pneumonia,pneumonia patients given initial antibiotic(s) within 6 hours after arrival
607,10027,elba general hospital,987 drayton street,empty,empty,elba,al,36323,coffee,3348972257,acute care hospitals,voluntary non-profit - other,yes,pneumonia,pneumonia patients given the most appropriate initial antibiotic(s)
608,10027,elba general hospital,987 drayton street,empty,empty,elba,al,36323,coffee,3348972257,acute care hospitals,voluntary non-profit - other,yes,pneumonia,pneumonia patients assessed and given influenza vaccination
609,x0027,elba general hospital,987 drayton street,empty,empty,elba,al,36323,coffee,3348972257,acute care hospitals,voluntary non-profit - other,yes,surgical ixfectiox prevextiox,surgery patients who were taking heart drugs called beta blockers before coming to the hospital who were kept on the beta blockers during the period just before and after their surgery
610,10027,elba general hospital,987 drayton street,empty,empty,elba,al,36323,coffee,3348972257,acute care hospitals,voluntary non-profit - other,yes,surgical infection prevention,surgery patients who were given an antibiotic at the right time (within one hour before surgery) to help prevent infection
611,10027,elba general hospital,987 drayton street,empty,empty,elba,al,36323,coffee,3348972257,acute care hospitals,voluntary non-profit - other,yes,surgical infection prevention,surgery patients who were given the  right kind  of antibiotic to help prevent infection
612,10027,elba general hospital,987 drayton street,empty,empty,elba,al,36323,coffee,3348972257,acute care hospitals,voluntary non-profit - other,yes,surgical infection prevention,surgery patients whose preventive antibiotics were stopped at the right time (within 24 hours after surgery)
613,10027,elba general hospital,987 drayton street,empty,empty,elba,al,36323,coffee,3348972257,acute care hospitals,voluntary non-profit - other,yes,surgical infection prevention,all heaxt suxgexy patients whose blood sugax (blood glucose) is kept undex good contxol in the days xight aftex suxgexy
614,10027,elba general hospital,987 drayton street,empty,empty,elba,al,36323,coffee,3348972257,acute care hospitals,voluntary non-profit - other,yes,surgical infection prevention,surgery patients needing hair removed from the surgical area before surgery who had hair removed using a safer method (electric clippers or hair removal cream c not a razor)
615,10027,elba general hospital,987 drayton street,empty,empty,elba,al,36323,coffee,3348972257,acute care hospitals,voluntary non-profit - other,yes,surgical infection prevention,surgery patients whose doctors ordered treatments to prevent blood clots after certain types of surgeries
616,10027,elba general hospital,987 drayton street,empty,empty,elba,al,36323,coffee,3348972257,acute care hospitals,voluntary non-profit - other,yes,surgical infection prevention,patients who got treatment  at the right time (within 24 hours before or after their surgery) to help prevent blood clots after certain types of surgery
617,10029,east alabama medical center and snf,2000 pepperell parkway,empty,empty,opelika,al,36801,lee,3347493411,acute care hospitals,government - hospital district or authority,yes,heart attack,heart attack patients given aspirin at arrival
618,10029,east alabama medical center and snf,2000 pepperell parkway,empty,empty,opelika,al,36801,lee,3347493411,acute care hospitals,government - hospital district or authority,yes,heart attack,heart attack patients given aspirin at discharge
619,10029,east alabama medical center and snf,2000 pepperell parkway,empty,empty,opelika,al,36801,lee,3347493411,acute care hospitals,government - hospital district or authority,yes,heart attack,heart attack patients given ace inhibitor or arb for left ventricular systolic dysfunction (lvsd)
620,10029,east alabama medical center and snf,2000 pepperell parkway,empty,empty,opelika,al,36801,lee,3347493411,acute care hospitals,government - hospital district or authority,yes,heart attack,heart attack patients given smoking cessation advice/counseling
621,10029,east alabama medical center and snf,2000 pepperell parkway,empty,empty,opelika,al,36801,lee,3347493411,acute care hospitals,government - hospital district or authority,yes,heart attack,heart attack patients given beta blocker at discharge
622,10029,east alabama medical center and snf,2000 pepperell parkway,empty,empty,opelika,al,36801,lee,3347493411,acute care hospitals,government - hospital district or authority,yes,heart attack,heart attack patients given fibrinolytic medication within 30 minutes of arrival
623,10029,east alabama medical center and snf,2000 pepperell parkway,empty,empty,opelika,al,36801,lee,3347493411,acute care hospitals,government - hospital district or authority,yes,heart attack,heart attack patients given pci within 90 minutes of arrival
624,10029,east alabama medical center and snf,2000 pepperell parkway,empty,empty,opelika,al,36801,lee,3347493411,acute care hospitals,government - hospital district or authority,yes,heart failure,heart failure patients given discharge instructions
625,10029,east alabama medical center and snf,2000 pepperell parkway,empty,empty,opelika,al,36801,lee,3347493411,acute care hospitals,government - hospital district or authority,yes,heart failure,heart failure patients given an evaluation of left ventricular systolic (lvs) function
626,10029,east alabama medical center and snf,2000 pepperell parkway,empty,empty,opelika,al,36801,lee,3347493411,acute care hospitals,government - hospital district or authority,yes,heart failure,heart failure patients given ace inhibitor or arb for left ventricular systolic dysfunction (lvsd)
627,10029,east alabama medical center and snf,2000 pepperell parkway,empty,empty,opelika,al,36801,lee,3347493411,acute care hospitals,government - hospital district or authority,yes,heart failure,heart failure patients given smoking cessation advice/counseling
628,x0029,east alabama medical center and snf,2000 pepperell parkway,empty,empty,opelika,al,36801,lee,3347493411,acute care hospitals,government - hospital district or authority,yes,pneumonia,pneumonia patients assessed and given pneumococcal vaccination
629,10029,east alabama medical center and snf,2000 pepperell parkway,empty,empty,opelika,al,36801,lee,3347493411,acute care hospitals,government - hospital district or authority,yex,pneumonia,pneumonia patients whose initial emergency room blood culture was performed prior to the administration of the first hospital dose of antibiotics
630,10029,east alabama medical center and snf,2000 pepperell parkway,empty,empty,opelika,al,36801,lee,3347493411,acute care hospitals,government - hospital district or authority,yes,pneumonia,pneumonia patients given smoking cessation advice/counseling
631,10029,east alabama medical center and snf,2000 pepperell parkway,empty,empty,opelika,al,36801,lee,3347493411,acute care hospitals,government - hospital district or authority,yes,pneumonia,pneumonia patients given initial antibiotic(s) within 6 hours after arrival
632,10029,east alabama medical center and snf,2000 pepperell parkway,empty,empty,opelika,al,36801,lee,3347493411,acute care hospitals,government - hospital district or authority,yes,pneumonxa,pneumonia patients given the most appropriate initial antibiotic(s)
633,10029,east alabama medical center and snf,2000 pepperell parkway,empty,empty,opelika,al,36801,lee,3347493411,acute care hospitals,government - hospital district or authority,yes,pneumonia,pneumonia patients assessed and given influenza vaccination
634,10029,east alabama medical center and snf,2000 pepperell parkway,empty,empty,opelika,al,36801,xee,3347493411,acute care hospitals,government - hospital district or authority,yes,surgical infection prevention,surgery patients who were taking heart drugs called beta blockers before coming to the hospital who were kept on the beta blockers during the period just before and after their surgery
635,10029,east alabama medical center and snf,2000 pepperell parkway,empty,empty,opelika,al,36801,lee,3347493411,acuxe care hospixals,government - hospital district or authority,yes,surgical infection prevention,surgery patients who were given an antibiotic at the right time (within one hour before surgery) to help prevent infection
636,10029,east alabama medical center and snf,2000 pepperell parkway,empty,empty,opelika,al,36801,lee,3347493411,acute care hospitals,government - hospital district or authority,yes,surgical infection prevention,surgery patients who were given the  right kind  of antibiotic to help prevent infection
637,10029,east alabama medical center and snf,2000 pepperell parkway,empty,empty,opelika,al,36801,lee,3347493411,acute care hospitals,government - hospital district or authority,yes,surgical infection prevention,surgery patients whose preventive antibiotics were stopped at the right time (within 24 hours after surgery)
638,10029,east alabama medical center and snf,2000 pepperell parkway,empty,empty,opelika,al,36801,lee,3347493411,acute care hospitals,government - hospital district or authority,yes,surgical infection prevention,all heart surgery patients whose blood sugar (blood glucose) is kept under good control in the days right after surgery
639,10029,east alabama medical center and snf,2000 pepperell parkway,empty,empty,opelika,al,36801,lee,3347493411,acute care hospitals,government - hospital district or authority,yes,surgical infection prevention,surgery patients needing hair removed from the surgical area before surgery who had hair removed using a safer method (electric clippers or hair removal cream c not a razor)
640,1xx29,east alabama medical center and snf,2000 pepperell parkway,empty,empty,opelika,al,36801,lee,3347493411,acute care hospitals,government - hospital district or authority,yes,surgical infection prevention,surgery patients whose doctors ordered treatments to prevent blood clots after certain types of surgeries
641,10029,east alabama medical center and snf,2000 pepperell parkway,empty,empty,opelika,al,36801,lee,3347493411,acute care hospitals,government - hospital district or authority,yes,surgical infection prevention,patients who got treatment  at the right time (within 24 hours before or after their surgery) to help prevent blood clots after certain types of surgery
642,10032,wedowee hospital,209 north main street,empty,empty,wedowee,al,36278,randolph,2563572111,acute care hospitals,government - local,no,heart attack,heart attack patients given aspirin at arrival
643,10032,wedowee hospital,209 north main street,empty,empty,wedowee,al,36278,randolph,2563572111,acute care hospitals,government - local,no,heart attack,heart attack patients given aspirin at discharge
644,10032,wedowee hospital,209 north main street,empty,empty,wedowee,al,36278,randolph,2563572111,acute care hospitals,government - local,no,heart attack,heart attack patients given ace inhibitor or arb for left ventricular systolic dysfunction (lvsd)
645,10032,wedowee hospital,209 north main street,empty,empty,wedowee,al,36278,randolph,2563572111,acute care hospitals,government - local,no,heart attack,heart attack patients given smoking cessation advice/counseling
646,1xx32,wedowee hospital,209 north main street,empty,empty,wedowee,al,36278,randolph,2563572111,acute care hospitals,government - local,no,heart attack,heart attack patients given beta blocker at discharge
647,10032,wedowee hospital,209 north main street,empty,empty,wedowee,al,36278,randolph,2563572111,acute care hospitals,government - local,no,heart attack,heart attack patients given fibrinolytic medication within 30 minutes of arrival
648,10032,wedowee hospital,209 north main street,empty,empty,wedowee,al,36278,randolph,2563572111,acute care hospitals,government - local,no,heart attack,heart attack patients given pci within 90 minutes of arrival
649,10032,wedowee hospital,209 north main street,empty,empty,wedowee,al,36278,randolph,2563572111,acute care hospitals,government - local,no,heart failure,heart failure patients given discharge instructions
650,10032,wedowee hospital,209 north main street,empty,empty,wedowee,al,36278,randolph,2563572111,acute care hospitals,government - local,no,heart failure,heart failure patients given an evaluation of left ventricular systolic (lvs) function
651,10032,wedowee hospital,209 north main street,empty,empty,wedowee,al,36278,randolph,2563572111,acute care hospitals,government - local,no,heart failure,heart failure patients given ace inhibitor or arb for left xentricular systolic dysfunction (lxsd)
652,10032,wedowee hospital,209 north main street,empty,empty,wedowee,al,36278,randolph,2563572111,acute care hospitals,government - local,no,heart failure,heart faxlure patxents gxven smokxng cessatxon advxce/counselxng
653,10032,wedowee hospital,209 xorth maix street,empty,empty,wedowee,al,36278,randolph,2563572111,acute care hospitals,government - local,no,pneumonia,pneumonia patients assessed and given pneumococcal vaccination
654,10032,wedowee hospital,209 north main street,empty,empty,wedowee,al,36278,randolph,2563572111,acute care hospitals,government - local,xo,pneumonia,pneumonia patients whose initial emergency room blood culture was performed prior to the administration of the first hospital dose of antibiotics
655,10032,wedowee hosxital,209 north main street,empty,empty,wxdowxx,al,36278,randolph,2563572111,acute care hospitals,government - local,no,pneumonia,pneumonia patients given smoking cessation advice/counseling
656,1xx32,wedowee hospital,209 north main street,empty,empty,wedowee,al,36278,randolph,2563572111,acute care hospitals,government - local,no,pneumonia,pneumonia patients given initial antibiotic(s) within 6 hours after arrival
657,10032,wedowee hospital,209 north main street,empty,empty,wedowee,al,36278,randolph,2563572111,acute care hospitals,government - local,no,pneumonia,pneumonia patients given the most appropriate initial antibiotic(s)
658,10032,wedowee hospital,209 north main street,empty,empty,wedowee,al,36278,randolph,2563572111,acute care hospitals,government - local,no,pneumonia,pneumonia patients assessed and given influenza vaccination
659,10032,wedowee hospital,209 north main street,empty,empty,wedowee,al,36278,randolph,2563572111,acute care hospitals,government - local,no,surgical infection prevention,surgery patients who were taking heart drugs called beta blockers before coming to the hospital who were kept on the beta blockers during the period just before and after their surgery
660,10032,wedowee hospital,209 north main street,empty,empty,wedowee,al,36278,randolph,2563572111,acute care hospitals,government - local,no,surgical infection prevention,surgery patients who were given an antibiotic at the right time (within one hour before surgery) to help prevent infection
661,10032,wedowee hospital,209 north main street,empty,empty,wedowee,al,36278,randolph,2563572111,acute care hospitals,government - local,no,surgical infection prevention,surgery patients who were given the  right kind  of antibiotic to help prevent infection
662,10032,wedowee hospital,209 north main street,empty,empty,wedowee,al,36278,randolph,2563572111,acute care hospitals,government - local,no,surgical infection prevention,surgery patients whose preventive antibiotics were stopped at the right time (within 24 hours after surgery)
663,10032,wedowee hospital,209 north main street,empty,empty,wedowee,al,36278,randolph,2563572111,acute care hospitals,government - local,no,surgical infection prevention,all heart surgery patients whose blood sugar (blood glucose) is kept under good control in the days right after surgery
664,10032,wedowee hospital,209 north main street,empty,empty,wedowee,al,36278,randolph,2563572111,acute care hospitals,government - local,no,surgical infection prevention,surgery patients needing hair removed from the surgical area before surgery who had hair removed using a safer method (electric clippers or hair removal cream c not a razor)
665,10032,wedowee hospital,209 north main street,empty,empty,wedowee,al,36278,randolph,2563572111,acute care hospitals,government - local,no,surgical infection prevention,surgery patients whose doctors ordered treatments to prevent blood clots after certain types of surgeries
666,10032,wedowee hospital,209 north main street,empty,empty,wedowee,al,36278,randolph,2563572111,acute care hospitals,government - local,no,surgical infection prevention,patients who got treatment  at the right time (within 24 hours before or after their surgery) to help prevent blood clots after certain types of surgery
667,10033,university of alabama hospital,619 south 19th street,empty,empty,birmingham,al,35233,jefferson,20593xx011,acute care hospitals,government - state,yes,heart attack,heart attack patients given aspirin at arrival
668,10033,university of alabama hospital,619 south 19th street,empty,empty,birmingham,al,35233,jefferson,2059344011,acute care hospitals,government - state,yes,heart attack,heart attack patients given aspirin at discharge
669,10033,university of alabama hospital,619 south 19th street,empty,empty,birmingham,al,35233,jefferson,2059344011,acute care hospitals,government - state,yes,heart attack,heart attack patients given ace inhibitor or arb for left ventricular systolic dysfunction (lvsd)
670,10033,university of alabama hospital,619 south 19th street,empty,empty,birmingham,al,35233,jefferson,2059344011,acute care hospitals,government - state,yes,heart attack,heart attack patients given smoking cessation advice/counseling
671,10033,university of alabama hospital,619 south 19th street,empty,empty,birmingham,al,35233,jefferson,2059344011,acute care hospitals,government - state,yes,heart attack,heart attack patients given beta blocker at discharge
672,10033,university of alabama hospital,619 south 19th street,empty,empty,birmingham,al,35233,jefferson,2059344011,acute care hospitals,government - state,yes,heart attack,heart attack patients given fibrinolytic medication within 30 minutes of arrival
673,10033,university of alabama hospital,619 south 19th street,empty,empty,birmingham,al,35233,jxffxrson,2059344011,acute care hospitals,government - state,yes,heart attack,heartxattackxpatientsxgivenxpcixwithinx90xminutesxofxarrival
674,10033,university of alabama hospital,619 south 19th street,empty,empty,birmingham,al,35233,jefferson,2059344011,acute care hospitals,government - state,yes,heart failure,heart failure patients given discharge instructions
675,10033,university of alabama hospital,619 south 19th street,empty,empty,birmingham,al,35233,jefferson,2059344011,acute care hospitals,government - state,yex,heart failure,heart failure patients given an evaluation of left ventricular systolic (lvs) function
676,10033,university of alabama hospital,619 south 19th street,empty,empty,birmingham,al,35233,jefferson,2059344011,acute care hospitals,government - state,yes,heart failure,heart failure patients given ace inhibitor or arb for left ventricular systolic dysfunction (lvsd)
677,10033,university of alabama hospital,619 south 19th street,empty,empty,birmingham,al,35233,jefferson,2059344011,acute care hospitals,government - state,yes,heart failure,heart failure patients given smoking cessation advice/counseling
678,10033,university of alabama hospital,619 south 19th street,empty,empty,birmingham,al,35233,jefferson,2059344011,acute care hospitals,government - state,yes,pneumonia,pneumonia patients assessed and given pneumococcal vaccination
679,10033,university of alabama hospital,619 south 19th street,empty,empty,birmingham,al,35233,jefferson,2059344011,acute care hospitals,government - state,yes,pneumonia,pneumonia patients whose initial emergency room blood culture was performed prior to the administration of the first hospital dose of antibiotics
680,10033,university of alabama hospital,619 south 19th street,empty,empty,birmingham,al,3x233,jefferson,2059344011,acute care hospitals,government - state,yes,xneumonia,pneumonia patients given smoking cessation advice/counseling
681,10033,university of alabama hospital,619 south 19th street,empty,empty,birmingham,al,35233,jefferson,2059344011,acute care hospitals,government - state,yes,pneumonia,pneumonia patients given initial antibiotic(s) within 6 hours after arrival
682,10033,university of alabama hospital,619 south 19th street,empty,empty,birmingham,al,35233,jefferson,2059344011,acute care hospitals,government - state,yes,pneumonia,pneumonia patients given the most appropriate initial antibiotic(s)
683,10033,university of alabama hospital,619 south 19th street,empty,empty,birmingham,al,35233,jefferson,2059344011,acute care hospitals,government - state,yes,pneumonia,pneumonia patients assessed and given influenza vaccination
684,10033,university of alabama hospital,619 south 19th street,empty,empty,birmingham,al,35233,jefferson,2059344011,acute care hospitals,government - state,yes,surgical infection prevention,surgery patients who were taking heart drugs called beta blockers before coming to the hospital who were kept on the beta blockers during the period just before and after their surgery
685,10033,university of alabama hospital,619 south 19th street,empty,empty,birmingham,al,35233,jefferson,2059344011,acute care hospitals,government - state,yes,surgical infection prevention,surgery patients who were given an antibiotic at the right time (within one hour before surgery) to help prevent infection
686,10033,university of alabama hospital,619 south 19th street,empty,empty,birmingham,al,x52xx,jefferson,2059344011,acute care hospitals,government - state,yes,surgical infection prevention,surgery patients who were given the  right kind  of antibiotic to help prevent infection
687,10033,university of alabama hospital,619 south 19th street,empty,empty,birmingham,al,35233,jefferson,2059344011,acute care hospitals,government - state,yes,surgical infection prevention,surgery patients whose preventive antibiotics were stopped at the right time (within 24 hours after surgery)
688,10033,university of alabama hospital,619 south 19th street,empty,empty,birmingham,al,35233,jefferson,2059344011,acute care hospitals,government - state,yes,surgical infection prevention,all heart surgery patients whose blood sugar (blood glucose) is kept under good control in the days right after surgery
689,10033,university of alabama hospital,619 south 19th street,empty,empty,birmingham,al,35233,jefferson,2059344011,acute care hospitals,government - state,yes,surgical infection prevention,surgery patients needing hair removed from the surgical area before surgery who had hair removed using a safer method (electric clippers or hair removal cream c not a razor)
690,10033,university of alabama hospital,619 south 19th street,empty,empty,birmingham,al,35233,jexxerson,2059344011,acute care hospitals,government - state,yes,surgical infection prevention,surgery patients whose doctors ordered treatments to prevent blood clots after certain types of surgeries
691,10033,university of alabama hospital,619 south 19th street,empty,empty,birminxham,al,35233,jefferson,2059344011,acute care hospitals,government - state,yes,surgical infection prevention,patients who got treatment  at the right time (within 24 hours before or after their surgery) to help prevent blood clots after certain types of surgery
692,10034,community hospital inc,805 friendship road,empty,empty,tallassee,al,36078,elmore,3342836541,acute care hospitals,voluntary non-profit - private,no,heart attack,heart attack patients given aspirin at arrival
693,10034,community hospital inc,805 friendship road,empty,empty,tallassee,al,36078,elmoxe,3342836541,acute care hospitals,voluntary non-profit - private,no,heart attack,heart attack patients given aspirin at discharge
694,10034,community hospital inc,805 friendship road,empty,empty,tallassee,al,36078,elmore,3342836541,acute care hospitals,voluntary non-profit - private,no,heart attack,heart attack patients given ace inhibitor or arb for left ventricular systolic dysfunction (lvsd)
695,10034,community hospital inc,805 friendship road,empty,empty,tallassee,al,36078,elmore,3342836541,acute care hospitals,voluntary non-profit - private,no,heart attack,heart attack patients given smoking cessation advice/counseling
696,10034,community hospital inc,805 friendship road,empty,empty,tallassee,al,36078,elmore,3342836541,acute cxre hospitxls,voluntary non-profit - private,no,heart attaxk,heart attack patients given beta blocker at discharge
697,10034,community hospital inc,805 friendship road,empty,empty,tallaxxee,al,36078,elmore,3342836541,acute care hospitals,voluntary non-profit - private,no,heart attack,heart attack patients given fibrinolytic medication within 30 minutes of arrival
698,10034,communitx hospital inc,805 friendship road,empty,empty,tallassee,al,36078,elmore,3342836541,acute care hospitals,voluntary non-profit - private,no,heart attack,heart attack patients given pci within 90 minutes of arrival
699,10034,community hospital inc,805 friendship road,empty,empty,tallassee,al,36078,elxore,3342836541,acute care hospitals,voluntary non-profit - private,no,hexrt fxilure,heart failure patients given discharge instructions
700,10034,community hospital inc,805 friendship road,empty,empty,tallassee,al,36078,elmore,334x836541,acute care hospitals,voluntary non-profit - private,no,heart failure,heart failure patients given an evaluation of left ventricular systolic (lvs) function
701,10034,community hospital inc,805 friendship road,empty,empty,tallassee,al,36078,elmore,3342836541,acute care hospitals,voluntary non-profit - private,no,heart failure,heart failure patients given ace inhibitor or arb for left ventricular systolic dysfunction (lvsd)
702,10034,community hospital inc,805 friendship road,empty,empty,tallassee,xl,36078,elmore,3342836541,acute care hospitals,voluntary non-profit - private,no,heart failure,heart failure patients given smoking cessation advice/counseling
703,10034,community hospital inc,805 friendship road,empty,empty,tallassee,al,36078,elmore,3342836541,acute care hospitals,voluntary non-profit - private,no,pneumonia,pneumonia patients assessed and given pneumococcal vaccination
704,10034,community hospital inc,805 friendship road,empty,empty,tallassee,al,36078,elmore,3342836541,acute care hospitals,voluntary non-profit - private,no,pneumonia,pneumonia patients whose initial emergency room blood culture was performed prior to the administration of the first hospital dose of antibiotics
705,100x4,community hospital inc,805 friendship road,empty,empty,tallassee,al,36078,elmore,3342836541,acute care hospitals,voluntary non-profit - private,no,pneumonia,pneumonia patients given smoking cessation advice/counseling
706,10034,community hospital inc,805 friendship road,empty,empty,tallassee,al,36078,elmore,3342836541,acutexcarexhospitals,voluntary non-profit - private,no,pneumonia,pxeumoxia patiexts givex ixitial axtibiotic(s) withix 6 hours after arrival
707,10034,community hospital inc,805 friendship road,empty,empty,tallassee,al,36078,elmore,3342836541,acute care hospitals,voluntary non-profit - private,no,pneumonia,pxeumoxia patiexts givex the most appropriate ixitial axtibiotic(s)
708,10034,community hospital inc,805 friendship road,empty,empty,tallassee,al,36078,elmore,3342836541,acute care hospitals,voluntary non-profit - private,no,pneumonia,pneumonia patients assessed and given influenza vaccination
709,10034,community hospital inc,805 friendship road,empty,empty,tallassee,al,36078,elmore,3342836541,acute care hospitals,voluntary non-profit - private,no,surgical infection prevention,surgery patients who were taking heart drugs called beta blockers before coming to the hospital who were kept on the beta blockers during the period just before and after their surgery
710,10034,community hospital inc,805 friendship road,empty,empty,tallassee,al,36078,elmore,3342836541,acute care hospitals,voluntary non-profit - private,no,surgical infection prevention,surgery patients who were given an antibiotic at the right time (within one hour before surgery) to help prevent infection
711,10034,communixy hospixal inc,805 friendship road,empty,empty,tallassee,al,36x78,elmore,3342836541,acute care hospitals,voluntary non-profit - private,no,surgical infection prevention,surgery patients who were given the  right kind  of antibiotic to help prevent infection
712,10034,community hospital inc,805 friendship road,empty,empty,tallassee,al,36078,elmore,3342836541,acute care hospitals,voluntary non-profit - private,no,surgical infection prevention,surgery patients whose preventive antibiotics were stopped at the right time (within 24 hours after surgery)
713,10034,community hospital inc,805 friendship road,empty,empty,tallassee,al,36078,elmore,3342836541,acute care hospitals,voluntary non-profit - private,no,surgical infection xrevention,all heart surgery patients whose blood sugar (blood glucose) is kept under good control in the days right after surgery
714,10034,community hospital inc,805 friendship road,empty,empty,tallassee,al,36078,elmore,33x28365x1,acute care hospitals,voluntary non-profit - private,no,surgical infection prevention,surgery paxienxs needing hair removed from xhe surgical area before surgery who had hair removed using a safer mexhod (elecxric clippers or hair removal cream c nox a razor)
715,10034,community hospital inc,805 friendship road,empty,empty,tallassee,al,36078,elmore,3342836541,acute care hospitals,voluntary non-profit - private,no,surgical infection prevention,surgery patients whose doctors ordered treatments to prevent blood clots after certain types of surgeries
716,10034,community hospital inc,805 friendship road,empty,empty,tallassee,al,36078,elmore,3342836541,acute care hospitals,voluntary non-profit - private,no,surgical infection prevention,patients who got treatment  at the right time (within 24 hours before or after their surgery) to help prevent blood clots after certain types of surgery
717,10035,cullman regional medical center,1912 alabama highway 157,empty,empty,cullman,al,35058,cullman,2567372000,acute care hospitals,government - hospital district or authority,yes,heartxattack,heart attack patients given aspirin at arrival
718,10035,cullman regional medical center,1912 alabama highway 157,empty,empty,cullman,al,35058,cullman,2567372000,acute care hospitals,government - hospital district or authority,yes,heart attack,heart attack patients given aspirin at discharge
719,10035,cullman regional medical center,1912 alabama highway 157,empty,empty,cullman,al,35058,cullman,2567372000,acute care hospitals,government - hospital district or authority,yes,heart attack,heart attack patients given ace inhibitor or arb for left ventricular systolic dysfunction (lvsd)
720,10035,cullman regional medical center,1912 alabama highway 157,empty,empty,cullman,al,35058,cullman,2567372000,acute care hospitals,government - hospital district or authority,yes,heart attack,heart attack patients given smoking cessation advice/counseling
721,10035,cullman regional medical center,1912 alabama highway 157,empty,empty,cullman,al,35058,cullman,2567372000,acute care hospitals,government - hospital district or authority,yes,heart attack,heart attack patients given beta blocker at discharge
722,100x5,cullman regional medical center,1912 alabama highway 157,empty,empty,cullman,al,35058,cullman,2567372000,acute care hospitals,government - hospital district or authority,yes,heart attack,heart attack patients given fibrinolytic medication within 30 minutes of arrival
723,10035,cullman regional medical center,1912 alabama highway 157,empty,empty,cullman,al,35058,cxllman,2567372000,acute care hospitals,government - hospital district or authority,yes,heart attack,heart attack patients given pci within 90 minutes of arrival
724,10035,cullman regional medical center,1912 alabama highway 157,empty,empty,cullman,al,35058,cullman,2567372000,acute care hospitals,government - hospital district or authority,yes,heart failure,heart failure patients given discharge instructions
725,1xx35,cullman regional medical center,1912 alabama highway 157,empty,empty,cullman,al,35058,cullman,2567372000,acute care hospitals,government - hospital district or authority,yes,heart failure,heart failure patients given an evaluation of left ventricular systolic (lvs) function
726,10035,cullman regional medical center,1912 alabama highway 157,empty,empty,cullman,al,35058,cullman,2567372000,acute care hospitals,government - hospital district or authority,yes,heart failure,heart failure patients given ace inhibitor or arb for left ventricular systolic dysfunction (lvsd)
727,10035,cullman regional medical center,1912 alabama highway 157,empty,empty,cullman,al,35058,cullman,2567372000,acute care hospitals,government - hospital district or authority,yes,heart failure,heart failure patients given smoking cessation advice/counseling
728,10035,cullman regional medical center,1912 alabama highway 157,empty,empty,cullman,al,35058,cullman,2567372000,acute care hospitals,government - hospital district or authority,yes,pneumonia,pneumonia patients assessed and given pneumococcal vaccination
729,10035,cullman regional medical center,1912 alabama highway 157,empty,empty,cullman,al,35058,cullman,2567372000,acute care hospitals,government - hospital district or authority,yes,pneumonia,pneumonia patients whose initial emergency room blood culture was performed prior to the administration of the first hospital dose of antibiotics
730,10035,cullman regional medical center,1912 alabama highway 157,empty,empty,cullman,al,35058,cullman,2567372000,acutexcarexhospitals,government - hospital district or authority,yes,pneumonia,pneumonia patients given smoking cessation advice/counseling
731,10035,cullmxn regionxl medicxl center,1912 alabama highway 157,empty,empty,cullman,al,35058,cxllman,2567372000,acute care hospitals,government - hospital district or authority,yes,pneumonia,pneumonia patients given initial antibiotic(s) within 6 hours after arrival
732,10035,cullman regional medical center,1912 alabama highway 157,empty,empty,cullman,al,35058,cullman,2567372000,acute care hospitals,government - hospital district or authority,yes,pneumonia,pneumonia patients given the most appropriate initial antibiotic(s)
733,10035,cullman regional medical center,1912 alabama highway 157,empty,empty,cullman,al,35058,cullman,2567372000,acute care hospitals,government - hospital district or authority,yes,pneumonia,pneumonia patients assessed and given influenza vaccination
734,10035,cullman regional medical center,1912 alabama highway 157,empty,empty,cullman,al,35058,cullman,2567372000,acute care hospitals,government - hospital district or authority,yes,suxgical infection pxevention,surgery patients who were taking heart drugs called beta blockers before coming to the hospital who were kept on the beta blockers during the period just before and after their surgery
735,10035,cullman regional medical center,1912 alabama highway 157,empty,empty,cullman,al,35058,cullman,2567372000,acute care hospitals,government - hospital district or authority,yes,surgical infection prevention,surgery patients who were given an antibiotic at the right time (within one hour before surgery) to help prevent infection
736,10035,cullman regional medical center,1912 alabama highway 157,empty,empty,cullman,al,35058,cullman,2567372000,acute care hospitals,government - hospital district or authority,yes,surgical infection prevention,surgery patients who were given the  right kind  of antibiotic to help prevent infection
737,10035,cullman regional medical center,1912xalabamaxhighwayx157,empty,empty,cuxxman,al,35058,cullman,2567372000,acute care hospitals,government - hospital district or authority,yes,surgical infection prevention,surgery patients whose preventive antibiotics were stopped at the right time (within 24 hours after surgery)
738,10035,cullman regional medical center,1912 alabama highway 157,empty,empty,cullman,al,35058,cullman,2567372000,acute care hospitals,government - hospital district or authority,yes,surgical infection prevention,all heart surgery patients whose blood sugar (blood glucose) is kept under good control in the days right after surgery
739,10035,cullman regional medical center,1912 alabama highway 157,empty,empty,cullman,al,35058,cullman,2567372000,acute care hospitals,government - hospital district or authority,yes,surgical infection prevention,surgery patients needing hair removed from the surgical area before surgery who had hair removed using a safer method (electric clippers or hair removal cream c not a razor)
740,10035,cullman regional medical center,1912 alabama highway 157,empty,empty,cullman,al,35058,cullman,2567372000,acute care hospitals,government - hospital district or authority,yes,surgical infection prevention,surgery patients whose doctors ordered treatments to prevent blood clots after certain types of surgeries
741,10035,cullman regional medical center,1912 alabama highway 157,empty,empty,cullman,al,35058,cullman,2567372000,acute care hospitals,government - hospital district or authority,yes,surgical infection prevention,patients who got treatment  at the right time (within 24 hours before or after their surgery) to help prevent blood clots after certain types of surgery
742,10036,andalusia regional hospital,849 south three notch street,empty,empty,andalusia,al,36420,covington,3342228466,acute care hospitals,proprietary,no,heart attack,heart attack patients given aspirin at arrival
743,10036,andalusia regional hospital,849 south three notch street,empty,empty,andalusia,al,36420,covington,3342228466,acute care hospitals,proprietary,no,heart attack,heart attack patients given aspirin at discharge
744,10036,andalusia regional hospital,849 south three notch street,empty,empty,andalusia,al,36420,covington,3342228466,acute care hospitals,proprietary,no,heart attack,heart attack patients given ace inhibitor or arb for left ventricular systolic dysfunction (lvsd)
745,10036,andalusia regional hospital,849 south three notch street,empty,empty,andalusia,al,36420,covington,3342228466,acute care hospitals,prxprietary,no,heart attack,heart attack patients given smoking cessation advice/counseling
746,10036,andalusia regional hospital,849 south three notch street,empty,empty,andalusia,al,36420,covington,3342228466,acute care hospitals,proprietary,no,heart attack,heart attack patients given beta blocker at discharge
747,10036,andalusia regional hospital,849 south three notch street,empty,empty,andalusia,al,36420,covington,3342228466,acute care hospitals,proprietary,no,heart attack,heart attack patients given fibrinolytic medication within 30 minutes of arrival
748,10036,andalusia regional hospital,849 south three notch street,empty,empty,andalusia,al,36420,covington,3342228466,acute care hospitals,proprietary,no,heart attack,heart attack patients given pci within 90 minutes of arrival
749,10036,andalusia regional hospital,849 south three notch street,empty,empty,andalusia,al,36420,covington,3342228466,acute care hospitals,proprietary,no,heart failure,heart failure patients given discharge instructions
750,10036,andalusia regional hospital,849 south three notch street,empty,empty,andalusia,al,36420,covington,3342228466,acute care hospitals,proprietary,no,heart failure,heart failure patients given an evaluation of left ventricular systolic (lvs) function
751,10036,andalusia regional hospital,849 south three notch street,empty,empty,andalusia,al,3642x,covington,3342228466,acute care hospitals,proprietary,no,heart failure,heart failure patients given ace inhibitor or arb for left ventricular systolic dysfunction (lvsd)
752,10036,andalusia regional hospital,849 south three notch street,empty,empty,andalusia,al,36420,covington,334xxx8466,acute care hospitals,proprietary,no,heart failure,heart failure patients given smoking cessation advice/counseling
753,10036,andalusia regional hospital,849 south three notch street,empty,empty,andalusia,al,36420,coxington,3342228466,acute care hospitals,proprietary,no,pneumonia,pneumonia patients assessed and given pneumococcal vaccination
754,10036,andalusia regional hospital,849 south three notch street,empty,empty,andalusia,al,36420,covington,3342228466,acute care hospitals,proprietary,no,pneumonia,pneumonia patients whose initial emergency room blood culture was performed prior to the administration of the first hospital dose of antibiotics
755,10036,andalusia regional hospital,849 south three notch street,empty,empty,andalusia,al,36420,covington,3342228466,acute care hospitals,proprietary,no,pneumonia,pneumonia patients given smoking cessation advice/counseling
756,1xx36,andalusia regional hospital,849 south three notch street,empty,empty,andalusia,al,36420,covington,3342228466,acute care hospitals,proprietary,no,pneumonia,pneumonia patients given initial antibiotic(s) within 6 hours after arrival
757,10036,andalusia regional hospital,849 south three notch street,empty,empty,andaluxia,al,36420,covington,3342228466,acute care hospitals,proprietary,no,pneumonia,pneumonia patients given the most appropriate initial antibiotic(s)
758,10036,andalusia regional hospital,849 south three notch street,empty,empty,andalusia,al,36420,covington,3342228466,acute care hospitals,proprietary,no,pneumonia,pneumonia patients assessed and given influenza vaccination
759,10036,andaxusia regionax hospitax,849 south three notch street,empty,empty,andalusia,al,36420,covington,3342228466,acute care hospitals,proprietary,no,surgical infection prevention,surgery patients who were taking heart drugs called beta blockers before coming to the hospital who were kept on the beta blockers during the period just before and after their surgery
760,10036,andalusia regional hospital,849 south three notch street,empty,empty,andalusia,al,36420,covington,3342228466,acute care hospitals,proprietary,no,surgical infection prevention,surgery patients who were given an antibiotic at the right time (within one hour before surgery) to help prevent infection
761,10036,andalusia regional hospital,849 south three notch street,empty,empty,andalusia,al,36420,covington,3342228466,acute care hospitals,proprietary,no,surgical infection prevention,surgery patients who were given the  right kind  of antibiotic to help prevent infection
762,10036,andalusia regional hospital,849 south three notch street,empty,empty,andalusia,al,36420,covington,3342228466,acute care hospitals,proprietary,no,surgical infection prevention,surgery patients whose preventive antibiotics were stopped at the right time (within 24 hours after surgery)
763,10036,andalusia regional hospital,849 south three notch street,empty,empty,andalusia,al,36420,covington,3342228466,acute care hospitals,proprietary,no,surgical infection prevention,all heart surgery patients whose blood sugar (blood glucose) is kept under good control in the days right after surgery
764,10036,andalusia regional hospital,849 south three notch street,empty,empty,andalusia,al,36420,covington,33422284xx,acute care hospitals,proprietary,no,surgical infection prevention,surgery patients needing hair removed from the surgical area before surgery who had hair removed using a safer method (electric clippers or hair removal cream c not a razor)
765,10036,andalusia regional hospital,849 south three notch street,empty,empty,andalusia,xl,36420,covington,3342228466,acute care hospitals,proprietary,no,surgical infection prevention,surgery patients whose doctors ordered treatments to prevent blood clots after certain types of surgeries
766,10036,andaluxia regional hoxpital,849 south three notch street,empty,empty,andalusia,al,36420,covington,3342228466,acute care hospitals,proprietary,no,surgical infection prevention,patients who got treatment  at the right time (within 24 hours before or after their surgery) to help prevent blood clots after certain types of surgery
767,10038,stringfellow memorial hospital,301 east 18th st,empty,empty,anniston,al,36201,calhoun,2562358900,acute care hospitals,proprietary,yes,children s asthma care,children who received reliever medication while hospitalized for asthma
768,10038,stringfellow memorial hospital,301 east 1xth st,empty,empty,anniston,al,36201,calhoun,2562358900,acute care hospitals,proprietary,yes,surgical infection prevention,surgery patients who were given an antibiotic at the right time (within one hour before surgery) to help prevent infection
769,10038,stringfellow memorial hospital,301 east 18th st,empty,empty,anniston,al,36201,calhoun,2562358900,acute care hospitals,proprietary,yes,surgical infection prevention,surgery patients who were given the  right kind  of antibiotic to help prevent infection
770,10038,stringfellow memorial hospital,301 east 18th st,empty,empty,anniston,al,36201,calhoun,2562358900,acute care hospitals,proprietary,yes,surgical infection prevention,surgery patients whose preventive antibiotics were stopped at the right time (within 24 hours after surgery)
771,10038,stringfellow memorial hospital,301 east 18th st,empty,empty,anniston,al,36201,calhoun,2562358900,acute care hospitals,proprietary,yes,surgical infection prevention,all heart surgery patients whose blood sugar (blood glucose) is kept under good control in the days right after surgery
772,10038,stringfellow memorial hospital,301 east 18th st,empty,empty,anniston,al,36201,calhoun,2562358900,acute care hospitals,proprietary,yes,surgical infection prevention,surgery patients needing hair removed from the surgical area before surgery who had hair removed using a safer method (electric clippers or hair removal cream c not a razor)
773,10038,stringfellow memorial hospital,301 east 18th st,empty,empty,annxston,al,36201,calhoun,2562358900,acute care hospitals,proprietary,yes,surgical infection prevention,surgery patients whose doctors ordered treatments to prevent blood clots after certain types of surgeries
774,10038,stringfellow memorial hospital,301 east 18th st,empty,empty,anniston,al,36201,calhoun,2562358900,acute care hospitals,proprietary,yes,surgical infection prevention,patients who got treatment  at the right time (within 24 hours before or after their surgery) to help prevent blood clots after certain types of surgery
775,10039,huntsville hospital,101 sivley rd,empty,empty,huntsville,al,35801,madison,2562651000,acute care hospitals,government - hospital district or authority,yes,children s asthma care,children who received reliever medication while hospitalized for asthma
776,10039,huntsville hospital,101 sivley rd,empty,empty,huntsville,al,35801,madison,2562651000,acute care hospitals,government - hospital district or authority,yes,children s asthma care,children who received systemic corticosteroid medication (oral and iv medication that reduces inflammation and controls symptoms) while hospitalized for asthma
777,10039,huntsville hospital,101 sivley rd,empty,empty,huntsville,al,35801,madison,2562651000,acute care hospitals,government - hospital district or authority,yes,children s asthma care,children and their caregivers who received a home management plan of care document while hospitalized for asthma
778,10039,huntsvxlle hospxtal,101 sivley rd,empty,empty,huntsville,al,35801,madison,2562651000,acute care hospitals,government - hospital district or authority,yes,heart attack,heart attack patients given aspirin at arrival
779,10039,huntsville hospital,101 sivley rd,empty,empty,huntsville,al,35801,madison,2562651000,acute care hospitals,government - hospital district or authority,yes,heart attack,heart attack patients given aspirin at discharge
780,10039,huntsville hospital,101 sivley rd,empty,empty,huntsville,al,35801,madison,2562651000,acutexcarexhospitals,government - hospital district or authority,yes,heart attack,heart attack patients given ace inhibitor or arb for left ventricular systolic dysfunction (lvsd)
781,1003x,huntsville hospital,101 sivley rd,empty,empty,huntsville,al,35801,madison,2562651000,acute care hospitals,government - hospital district or authority,yes,heart attaxk,heart attack patients given smoking cessation advice/counseling
782,10039,huntsville hospital,101 sivley rd,empty,empty,huntsville,al,35801,madison,2562651000,acute care hospitals,government - hospital district or authority,yes,heart attack,heart attack patients given beta blocker at discharge
783,10039,huntsville hospital,101 sivley rd,empty,empty,huntsville,al,35801,madison,2562651000,acute care hospitaxs,government - hospital district or authority,yes,heart attack,heart attack patients given fibrinolytic medication within 30 minutes of arrival
784,10039,huntsville hospital,101 sivley rd,empty,empty,huntsville,al,35801,madison,2562651000,acute care hospitals,government - hospital district or authority,yes,heart attack,heart attack patients given pci within 90 minutes of arrival
785,10039,huntsville hospital,101 sivley rd,empty,empty,huntsville,al,35801,madison,2562651000,acute care hospitals,goverxmext - hospital district or authority,yes,heart failure,heart failure patients given discharge instructions
786,10039,huntsville hospital,101 sivley rd,empty,empty,huntsville,al,35801,madisxn,2562651000,acute care hospitals,government - hospital district or authority,yes,heart failure,heaxt failuxe patients given an evaluation of left ventxiculax systolic (lvs) function
787,10039,huntsville hospital,101 sivley rd,empty,empty,huntsville,al,35801,madison,2562651000,acute care hospitals,government - hospital district or authority,yes,heart failure,heart failure patients given ace inhibitor or arb for left ventricular systolic dysfunction (lvsd)
788,10039,huntsville hospital,101 sivley rd,empty,empty,huntsville,al,35801,madison,2562651000,acute care hospitals,government - hospital district or authority,yes,heart failure,heart failure patients given smoking cessation advice/counseling
789,10039,huntsville hospital,101 sivley rd,empty,empty,huntsville,al,35801,madison,2562651000,acute care hospitals,government - hospital district or authority,yes,pneumonia,pneumonia patients assessed and given pneumococcal vaccination
790,1xx39,huntsville hospital,101 sivley rd,empty,empty,huntsville,al,35801,madison,2562651000,acute care hospitals,government - hospital district or authority,yes,pneumonia,pneumonia patients whose initial emergency room blood culture was performed prior to the administration of the first hospital dose of antibiotics
791,10039,huntsville hospital,101 sivley rd,empty,empty,huntsville,al,35801,madison,2562651000,acute care hospitals,government - hospital district or authority,yes,pneumonia,pneumonia patients given smoking cessation advice/counseling
792,10039,huntsville hospital,101 sivley rd,empty,empty,huntsville,xl,35801,madison,2562651000,acute care hospitals,government - hospital district or authority,yes,pneumonia,pneumonia patients given initial antibiotic(s) within 6 hours after arrival
793,10039,huntsville hospital,101 sivley rd,empty,empty,huntsville,al,35801,madison,2562651000,acute care hospitals,government - hospital district or authority,yes,pneumonia,pneumonia patients given the most appropriate initial antibiotic(s)
794,100x9,huntsville hospital,101 sivley rd,empty,empty,huntsville,al,35801,madison,2562651000,acute care hospitals,government - hospital district or authority,yes,pneumonia,pneumonia patients assessed and given influenza vaccination
795,10039,huntsville hospital,101 sivley rd,empty,empty,huntsville,al,35801,madison,2562651000,acute care hospitals,government - hospital district or authority,yes,surgical infection prevention,surgery patients who were taking heart drugs called beta blockers before coming to the hospital who were kept on the beta blockers during the period just before and after their surgery
796,10039,huntsville hospital,101 sivley rd,empty,empty,huntsville,al,35801,madison,2562651000,acute care hospitals,government - hospital district or authority,yes,surgical infection prevention,surgery patients who were given an antibiotic at the right time (within one hour before surgery) to help prevent infection
797,10039,huntsville hospital,101 sivley rd,empty,empty,huntsville,al,35801,madison,2562651000,acute care hospitals,government - hospital district or authority,yes,surgical infection prevention,surgery patients who were given the  right kind  of antibiotic to help prevent infection
798,10039,huntsville hospital,101 sivley rd,empty,empty,huntsville,al,35801,madison,2562651000,acute care hospitals,government - hospital district or authority,yxs,surgical infection prevention,surgery patients whose preventive antibiotics were stopped at the right time (within 24 hours after surgery)
799,10039,huntsville hospital,101 sivley rd,empty,empty,huntsville,al,35801,madisox,2562651000,acute care hospitals,government - hospital district or authority,yes,surgical infection prevention,all heart surgery patients whose blood sugar (blood glucose) is kept under good control in the days right after surgery
800,10039,huntsville hospital,101 sivley rd,empty,empty,huntsville,al,35801,madison,2562651000,acute care hospitals,government - hospital district or authority,yes,surgical infection prevention,surgery patients needing hair removed from the surgical area before surgery who had hair removed using a safer method (electric clippers or hair removal cream c not a razor)
801,10039,huntsville hospital,101 sivley rd,empty,empty,huntsville,al,35801,madison,2562651000,acute care hospitals,government - hospital district or authority,yes,surgical infection prevention,surgery patients whose doctors ordered treatments to prevent blood clots after certain types of surgeries
802,10039,huntsville hospital,101 sivley rd,empty,empty,huntsville,al,35801,madison,2562651000,acute care hospitals,government - hospital district or authority,yes,surgical infection prevention,patients who got treatment  at the right time (within 24 hours before or after their surgery) to help prevent blood clots after certain types of surgery
803,10040,gadsden regional medical center,1007 goodyear avenue,empty,empty,gadsden,al,35903,etowah,2564944000,acute care hospitals,proprietary,yes,heart attack,heart attack patxents gxven aspxrxn at arrxval
804,10040,gadsden regional medical center,1007 goodyear avenue,empty,empty,gadsden,al,35903,etowah,2564944000,acute care hospitals,proprietary,yes,heart attack,heart attack patients given aspirin at discharge
805,10040,gadsden regional medical center,1007 goodyear avenue,empty,empty,gadsden,al,35903,etowah,2564944000,acute care hospitals,proprietary,yes,heart attack,heart attack patients given ace inhibitor or arb for left ventricular systolic dysfunction (lvsd)
806,10040,gadsden regional medical center,1007 goodyear avenue,empty,empty,gadsden,al,35903,etowah,2564944000,acute care hospitals,proprietary,yes,heart attack,heart attack patients given smoking cessation advice/counseling
807,10040,gadsden regional medical center,1007 goodyear avenue,empty,empty,gadsden,al,35903,etowah,2564944000,acute care hospitals,proprietary,yes,heart attack,heart attack patients given beta blocker at discharge
808,10040,gadsden regional medical center,1007 goodyear avenue,empty,empty,gadsden,al,35903,etowah,2564944000,acute care hospitals,proprietary,yes,heart attack,heart attack patients given fibrinolytic medication within 30 minutes of arrival
809,10040,gadsden regional medical center,1007 goodyear avenue,empty,empty,gadsden,al,35903,etowah,2564944000,acute care hospitals,proprietary,yes,heart attack,heart attack patients given pci within 90 minutes of arrival
810,10040,gadsden regional medical center,1007 goodyear avenue,empty,empty,gadsden,al,35903,etowah,2564944000,acute care hospitals,proprietary,xes,heart failure,heart failure patients given discharge instructions
811,10040,gadsden regional medical center,1007 goodyear avenue,empty,empty,gadsden,al,35903,etowah,2564944000,acute care hospitals,proprietary,yes,heart failure,heart failure patients given an evaluation of left ventricular systolic (lvs) function
812,10040,gadsden regional medical center,1007 goodyear avenue,empty,empty,gadsden,al,35903,etowah,2564944000,acute care hospitals,proprietary,yes,heart failure,heart failure patients given ace inhibitor or arb for left ventricular systolic dysfunction (lvsd)
813,10040,gadsden regional medical center,1007 goodyear avenue,empty,empty,gadsden,al,35903,etowah,2564944000,acute care hospitals,proprietary,yes,heart failure,heart failure patients given smoking cessation advice/counseling
814,10040,gadsden regional medical center,1007 goodyear avenue,empty,empty,gadsden,al,35903,etowah,2564944000,acute care hospitals,proprietary,yes,pneumonia,pneumonia patients assessed and given pneumococcal vaccination
815,10040,gadsden regional medical center,1007 goodyear avenue,empty,empty,gadsden,al,35903,etowah,2564944000,axute care hospitals,proprietary,yes,pneumonia,pneumonia patients whose initial emergency room blood culture was performed prior to the administration of the first hospital dose of antibiotics
816,10040,gadsden regional medical center,1007 goodyear avenue,empty,empty,gadsden,al,x590x,etowah,2564944000,acute care hospitals,proprietary,yes,pneumonia,pneumonia patients given smoking cessation advice/counseling
817,10040,gadsden regional medical center,1007 goodyear avenue,empty,empty,gadsden,al,35903,etowah,2564944000,acute care hospitals,proprietary,yes,pneumonia,pneumonix pxtients given initixl antibiotic(s) within 6 hours after arrivxl
818,10040,gadsden regional medical center,1007 goodyear avenue,empty,empty,gadsden,al,35903,etowah,2564944000,acute care hospitals,proprietary,yes,pneumonia,pneumonia patients given the most appropriate initial antibiotic(s)
819,10040,gadsden regional medical center,1007 goodyear avenue,empty,empty,gadsden,al,35903,etowah,2564944000,acute care hospitals,proprietary,yes,pneumonia,pneumonia patients assessed and given influenza vaccination
820,10040,gadsden regional medical center,1007 goodyear avenue,empty,empty,gadsden,al,35903,etowah,2564944000,acute care hospitals,proprietary,yes,surgical infection prevention,surgery patients who were taking heart drugs called beta blockers before coming to the hospital who were kept on the beta blockers during the period just before and after their surgery
821,10040,gadsden regional medical center,1007 goodyear avenue,empty,empty,gadsden,al,35903,etowah,2564944000,acute care hospitals,proprietary,yes,surgical infection prevention,surgery patients who were given an antibiotic at the right time (within one hour before surgery) to help prevent infection
822,10040,gadsden regional medical center,1007 goodyear avenue,empty,empty,gxdsden,al,35903,etowah,2564944000,acute care hospitals,proprietary,yes,surgical infection prevention,surgery patients who were given the  right kind  of antibiotic to help prevent infection
823,10040,gadsden regional medical center,1007 goodyear avenue,empty,empty,gadsden,al,35903,etowah,2564944000,acute care hospitals,proprietary,yes,surgical infection prevention,surgery patients whose preventive antibiotics were stopped at the right time (within 24 hours after surgery)
824,10040,gadsden regional medical center,1007 goodyear avenue,empty,empty,gadsden,al,35903,etowah,2564944000,acute care hospitals,proprietary,yes,surgical infection prevention,all heart surgery patients whose blood sugar (blood glucose) is kept under good control in the days right after surgery
825,10040,gadsden regional medical center,1007 goodyear avenue,empty,empty,gadsden,al,35903,etowah,2564944xxx,acute care hospitals,proprietary,yes,surgical infection prevention,surgery patients needing hair removed from the surgical area before surgery who had hair removed using a safer method (electric clippers or hair removal cream c not a razor)
826,10040,gadsden regional medical center,1007 goodyear avenue,empty,empty,gadsden,al,35903,etowah,2564944000,acute care hospitals,proprietary,yes,surgical infection prevention,surgery patients whose doctors ordered treatments to prevent blood clots after certain types of surgeries
827,10040,gadsden regional medical center,1007 goodyear avenue,empty,empty,gadsden,al,35903,etowah,2564944000,acute care hospitals,proprietary,yes,surgical infection prevention,patients who got treatment  at the right time (within 24 hours before or after their surgery) to help prevent blood clots after certain types of surgery
828,10043,chilton medical center,1010 lay dam road,empty,empty,clanton,al,35045,chilton,2057552500,acute care hospitals,voluntary non-profit - private,yes,heart attack,heart attack patients given aspirin at arrival
829,10043,chilton medical center,1010 lay dam road,empty,empty,clanton,al,35045,chilton,2057552500,acute care hospitals,voluntary non-profit - private,yes,heart attack,heart attack patients given aspirin at discharge
830,10043,chilton medical center,1010 lay dam road,empty,empty,clanton,al,35045,chilton,2057552500,acute care hospitals,voluntary non-profit - private,yes,heart attack,heart attack patients given ace inhibitor or arb for left ventricular systolic dysfunction (lvsd)
831,10043,chilton medical center,1010 lay dam road,empty,empty,clanton,al,35045,chilton,2057552500,acute care hospitals,voluntary non-profit - private,yes,heart attack,heart attack patients given smoking cessation advice/counseling
832,10043,chilton medical center,1010 lay dam road,empty,empty,clanton,al,35045,chilton,2057552500,acute care hospitals,voluntary non-profit - private,yes,heart attack,heart attack patients given beta blocker at discharge
833,10043,chilton medical center,1010 lay dam road,empty,empty,clanton,al,35045,chilton,2057552500,acute care hospitals,voluntary non-profit - private,yes,heart attack,heart attack patients given fibrinolytic medication within 30 minutes of arrival
834,10043,chilton medical center,1010 lay dam road,empty,empty,clanton,al,35045,chilton,2057552500,acute care hospitals,voluntary non-profit - private,yes,heart attack,heart attack patients given pci within 90 minutes of arrival
835,10043,chilton medical center,1010 lay dam road,empty,empty,clanton,al,35045,chilton,2057552500,acute care hospitals,voluntary non-profit - private,yes,heart failure,heart failure patients given discharge instructions
836,10043,chilton medical center,1010 lay dam road,empty,empty,clanton,al,35045,chilton,2057552500,acute care hospitals,voluntary non-profit - private,yes,heart failure,heart failure patients given an evaluation of left ventricular systolic (lvs) function
837,10043,chilton medical center,1010 lay dam road,empty,empty,clanton,al,35045,chilton,2057552500,acute care hospitals,voluntary non-profit - private,yes,heart failure,heart failure patients given ace inhibitor or arb for left ventricular systolic dysfunction (lvsd)
838,10043,chilton medical center,1010 lay dam road,empty,empty,clanton,al,35045,chilton,2057552500,acute care hospitals,voluntary non-profit - private,yes,heart failure,heart failure patients given smoking cessation advice/counseling
839,10043,chilton medical center,1010 lay dam road,empty,empty,clanton,al,35045,chilton,2057552500,acute care hospitals,voluntary non-profit - private,yes,pneumonia,pneumonia patients assessed and given pneumococcal vaccination
840,10043,chilton medical center,1010 lay dam road,empty,empty,clanton,al,35045,chilton,2057552500,acute care hospitals,voluntary non-profit - private,yes,pneumonia,pneumonia patients whose initial emergency room blood culture was performed prior to the administration of the first hospital dose of antibiotics
841,10043,chilton medical center,1010 lay dam road,empty,empty,clanton,al,35045,chilton,2057552500,acute care hospitals,voluntary non-profit - private,yes,pneumonia,pneumonia patients given smoking cessation advice/counseling
842,10043,chilton medical center,1010 lay dam road,empty,empty,clanton,al,35045,chilton,2057552500,acute care hospitals,voluntary non-profit - private,yes,pneumonia,pneumonia patients given initial antibiotic(s) within 6 hours after arrival
843,10043,chilton medical center,1010 lay dam road,empty,empty,clanton,al,35045,chilton,2057552500,acute care hospitals,voluntary non-profit - private,yes,pneumonia,pneumonia patients given the most appropriate initial antibiotic(s)
844,10043,chilton medical center,1010 lay dam road,empty,empty,clanton,al,35045,chilton,2057552500,acute care hospitals,voluntary non-profit - private,yes,pneumonia,pneumonia patients assessed and given influenza vaccination
845,10043,chilton medical center,1010 lay dam road,empty,empty,clanton,al,35045,chilton,2057552500,acute care hospitals,voluntary non-profit - private,yes,surgical infection prevention,surgery patients who were taking heart drugs called beta blockers before coming to the hospital who were kept on the beta blockers during the period just before and after their surgery
846,10043,chilton medical center,1010 lay dam road,empty,empty,clanton,al,35045,chilton,2057552500,acute care hospitals,voluntary non-profit - private,yes,surgical infection prevention,surgery patients who were given an antibiotic at the right time (within one hour before surgery) to help prevent infection
847,10043,chilton medical center,1010 lay dam road,empty,empty,clanton,al,35045,chilton,2057552500,acute care hospitals,voluntaxy non-pxofit - pxivate,yes,surgical infection prevention,surgery patients who were given the  right kind  of antibiotic to help prevent infection
848,10043,chilton medical center,1010 lay dam road,empty,empty,clanton,al,35045,chilton,2057552500,acute care hospitals,voluntary non-profit - private,yes,surgical infection prevention,surgery patients whose preventive antibiotics were stopped at the right time (within 24 hours after surgery)
849,10043,chilton medical center,1010 lay dam road,empty,empty,clanton,al,35045,chilton,2057552500,acute caxe hospitals,voluntary non-profit - private,yes,surgical infection prevention,all heart surgery patients whose blood sugar (blood glucose) is kept under good control in the days right after surgery
850,10043,chilton medical center,x0x0 lay dam road,empty,empty,clanton,al,35045,chilton,2057552500,acute care hospitals,voluntary non-profit - private,yes,surgical infection prevention,surgery patients needing hair removed from the surgical area before surgery who had hair removed using a safer method (electric clippers or hair removal cream c not a razor)
851,10043,chilton medical center,1010 lay dam road,empty,empty,clanton,al,35045,chilton,2057552500,acute care hospitals,voluntary non-profit - private,yes,surgical infection prevention,surgery patients whose doctors ordered treatments to prevent blood clots after certain types of surgeries
852,10043,chilton medical center,1010 lay dam road,empty,empty,clanton,al,35045,chilton,2057552500,acute care hospitals,voluntary non-profit - private,yes,surgical infxction prxvxntion,patients who got treatment  at the right time (within 24 hours before or after their surgery) to help prevent blood clots after certain types of surgery
853,10044,marion regional medical center,1256 military street south,empty,empty,hamilton,al,35570,marion,2059216200,acute care hospitals,voluntary non-profit - private,yes,heart attack,heart attack patients given aspirin at arrival
854,10044,marion regional medical center,1256 military street south,empty,empty,hamilton,al,35570,marion,2059216200,acute care hospitals,voluntary non-profit - private,yes,heart attack,heart attack patients given aspirin at discharge
855,10044,marion regional medical center,1256 military street south,empty,empty,hamilton,al,35570,marion,2059216200,acute care hospitals,voluntary non-profit - private,yes,heart attack,heart attack patients given ace inhibitor or arb for left ventricular systolic dysfunction (lvsd)
856,10044,marion regional medical center,1256 military street south,empty,empty,hamilxon,al,35570,marion,x059x16x00,acute care hospitals,voluntary non-profit - private,yes,heart attack,heart attack patients given smoking cessation advice/counseling
857,10044,marion regional medical center,1256 military street south,empty,empty,hamilton,al,35570,marion,2059216200,acute care hospitals,voluntary non-profit - private,yes,heart attack,heart attack patients given beta blocker at discharge
858,10044,marion regional medical center,1256 military street sxuth,empty,empty,hamilton,al,35570,marion,2059216200,acute care hospitals,voluntary non-profit - private,yes,heart attack,heart attack patients given fibrinolytic medication within 30 minutes of arrival
859,10044,marion regional medical center,1256 military street south,empty,empty,hamilton,al,35570,marion,2059216200,acute care hospitals,voluntary non-profit - private,yes,heart attack,heart attack patients given pci within 90 minutes of arrival
860,1xx44,marion regional medical center,1256 military street south,empty,empty,hamilton,al,35570,marion,2059216200,acute care hospitals,voluntary non-profit - private,yes,heart failure,heart failure patients given discharge instructions
861,10044,marion regional medical center,1256 military street south,empty,empty,hamilton,al,35570,marion,2059216200,acute care hospitals,voluntary non-profit - private,yes,heart failure,heart failure patients given an evaluation of left ventricular systolic (lvs) function
862,10044,marion regional medical center,1256 military street south,empty,empty,hamilton,al,35570,marion,2059216200,acute care hospitals,voluntary non-profit - private,yes,heart failure,heart failure patients given ace inhibitor or arb for left ventricular systolic dysfunction (lvsd)
863,10044,marion regional medical center,1256 military street south,empty,empty,hamilton,al,35570,marion,2059216200,acute care hospitals,voluntary non-profit - private,yes,heart failure,heart failure patients given smoking cessation advice/counseling
864,10044,marion regional medical center,1256 military street south,empty,empty,hamilton,al,35570,marion,2059216200,acute care hospitals,voluntary non-profit - private,yes,pneumonia,pneumonia patients assessed and given pneumococcal vaccination
865,10044,marion regional medical center,1256 military street south,empty,empty,hamilton,al,35570,marion,2059216200,acute care hospitals,voluntary non-profit - private,yes,pneumonia,pneumonia patients whose initial emergency room blood culture was performed prior to the administration of the first hospital dose of antibiotics
866,10044,marion regional medical center,1256 military street south,empty,empty,hamilton,al,35570,marion,20x9216200,acute care hospitals,voluntary non-profit - private,yes,pneumonia,pneumonia patients given smoking cessation advice/counseling
867,10044,marion regional medical center,1256 military street south,empty,empty,hamilton,al,35570,marion,2059216200,acute care hospitals,voluntary non-profit - private,yxs,pneumonia,pneumonia patients given initial antibiotic(s) within 6 hours after arrival
868,10044,marion regional medical center,1256 military street south,empty,empty,hamilton,al,35570,marion,2059216200,acute care hospitals,voluntary non-profit - private,yes,pneumonia,pneumonia patients given the most appropriate initial antibiotic(s)
869,10044,marion regional medical center,1256 military street south,empty,empty,hamilton,al,35570,marion,2059216200,acute care hospitals,voluxtary xox-profit - private,yes,pneumonia,pneumonia patients assessed and given influenza vaccination
870,10044,marion regional medical center,1256 military street south,empty,empty,hamilton,al,35570,marion,2059216200,acute care hospitals,voluntary non-profit - private,yes,surgical ixfectiox prevextiox,surgery patients who were taking heart drugs called beta blockers before coming to the hospital who were kept on the beta blockers during the period just before and after their surgery
871,10044,marion regional medical center,1256 military street south,empty,empty,hamilton,al,35570,marion,2059216200,acute care hospitals,voluntary non-profit - private,yes,surgical infection prevention,surgery patients who were given an antibiotic at the right time (within one hour before surgery) to help prevent infection
872,10044,marion regional medical center,1256 military street south,empty,empty,hamilton,al,35570,marion,2059216200,acute care hospitals,voluntary non-profit - private,yes,surgical infection prevention,surgery patients who were given the  right kind  of antibiotic to help prevent infection
873,10044,marion regional medical center,1256 military street south,empty,empty,hamilton,al,35570,marion,2059216200,acute care hospitals,voluntaxy non-pxofit - pxivate,yes,surgical infection prevention,surgery patients whose preventive antibiotics were stopped at the right time (within 24 hours after surgery)
874,10044,marion regional medical center,1256 military street south,empty,empty,hamilton,al,35570,marion,2059216200,acute care hospitals,voluntary non-profit - private,yes,surgical infection prevention,all heart surgery patients whose blood sugar (blood glucose) is kept under good control in the days right after surgery
875,10044,marion regional medical center,1256 military street south,empty,empty,hamilton,al,35570,marion,2059216200,acute care hospitals,voluntary non-profit - private,yes,surgical infection prevention,surgery patients needing hair removed from the surgical area before surgery who had hair removed using a safer method (electric clippers or hair removal cream c not a razor)
876,10044,marion regional medical center,1256 military street south,empty,empty,hamilton,al,35570,marion,2059216200,acute care hospitals,voluntary non-profit - private,yes,surgical infection prevention,surgery patients whose doctors ordered treatments to prevent blood clots after certain types of surgeries
877,10044,marion regional medical center,1256 military street south,empty,empty,hamilton,al,35570,marion,2059216200,acute care hospitals,voluntary non-profit - private,yes,surgical infection prevention,patients who got treatment  at the right time (within 24 hours before or after their surgery) to help prevent blood clots after certain types of surgery
878,10045,fayette medical center,1653 temple avenue north,empty,empty,fayette,al,35555,fayette,2059325966,acute care hoxpitalx,voluntary non-profit - other,yes,heart attack,heart attack patients given aspirin at arrival
879,1xx45,fayette medical center,1653 temple avenue north,empty,empty,fayette,al,35555,fayette,2059325966,acute care hospitals,voluntary non-profit - other,yes,heart attack,heart attack patients given aspirin at discharge
880,10045,fayette medical center,1653 temple avenue north,empty,empty,fayette,al,35555,fayette,2059325966,acute care hospitals,voluntary non-profit - other,yes,heart attack,heart attack patients given ace inhibitor or arb for left ventricular systolic dysfunction (lvsd)
881,10045,fayette medical center,1653 temple avenue north,empty,empty,fayette,al,35555,fayette,2059325966,acute care hospitals,voluntary non-profit - other,yes,heart attack,heart attack patients given smoking cessation advice/counseling
882,10045,fayette medical center,1653 temple avenue north,empty,empty,fayette,al,35555,fayette,x0593x5966,acute care hospitals,voluntary non-profit - other,yes,heart attack,heart attack patients given beta blocker at discharge
883,10045,fayette medical center,1653 temple avenue north,empty,empty,fayette,al,35555,fayette,2059325966,acute care hospitals,voluntary non-profit - other,yes,heart attack,heart attack patients given fibrinolytic medication within 30 minutes of arrival
884,10045,fayette medical center,1653 temple avenue north,empty,empty,fayette,al,35555,fayette,x0593x5966,acute care hospitals,voluntary non-profit - other,yes,heart attack,heart attack patients given pci within 90 minutes of arrival
885,10045,fayette medical center,1653 temple avenue north,empty,empty,fayette,xl,35555,fayette,2059325966,acute care hospitals,voluntary non-profit - other,yes,heart failure,heart failure patients given discharge instructions
886,10045,fayette medical center,1653 temple avenue north,empty,empty,fayette,al,35555,fayette,2059325966,acute care hospitals,voluntary non-profit - other,yes,heart failure,heart failure patients given an evaluation of left ventricular systolic (lvs) function
887,10045,fayette medical center,1653 temple avenue north,empty,empty,fayette,xl,35555,fayette,2059325966,acute care hospitals,voluntary non-profit - other,yes,heart failure,heart failure patients given ace inhibitor or arb for left ventricular systolic dysfunction (lvsd)
888,10045,fayette medical center,1653 temple avenue north,empty,empty,fayette,al,35555,fayette,2059325966,acute care hospitals,voluntary non-profit - other,yes,heart failure,heart failure patients given smoking cessation advice/counseling
889,x0045,fayette medical center,1653 temple avenue north,empty,empty,fayette,al,35555,fayette,2059325966,acute care hospitals,voluntary non-profit - other,yes,pneumonia,pneumonia patients assessed and given pneumococcal vaccination
890,10045,fayette medical center,1653 temple avenue north,empty,empty,fayette,al,35555,fayette,2059325966,acute care hospitals,voluntary non-profit - other,yex,pneumonia,pneumonia patients whose initial emergency room blood culture was performed prior to the administration of the first hospital dose of antibiotics
891,10045,fayette medical center,1653 temple avenue north,empty,empty,fayette,al,35555,fayette,2059325966,acute care hospitals,voluntary non-profit - other,yes,pneumonia,pneumonia patients given smoking cessation advice/counseling
892,10045,fayette medical center,1653 temple avenue north,empty,empty,fayette,al,35555,fayette,2059325966,acute care hospitals,voluntary non-profit - other,yes,pneumonia,pneumonia patients given initial antibiotic(s) within 6 hours after arrival
893,10045,fayette medical center,1653 temple avenue north,empty,empty,fayette,al,35555,fayette,2059325966,acute care hospitals,voluntary non-profit - other,yes,pneumonia,pneumonia patients given the most appropriate initial antibiotic(s)
894,10045,fayette medical center,1653 temple avenue north,empty,empty,fayette,al,35555,fayette,2059325966,acute care hospitals,voluntary non-profit - other,yes,pneumonia,pneumonia patients assessed and given influenza vaxxination
895,10045,fayette medical center,1653 temple avenue north,empty,empty,fayette,al,35555,fayette,2059325966,acute care hospitals,voluntary non-profit - other,yes,surgical infection prevention,surgery patients who were taking heart drugs called beta blockers before coming to the hospital who were kept on the beta blockers during the period just before and after their surgery
896,10045,fayette medical center,1653 temple avenue north,empty,empty,faxette,al,35555,fayexxe,2059325966,acute care hospitals,voluntary non-profit - other,yes,surgical infection prevention,surgery patients who were given an antibiotic at the right time (within one hour before surgery) to help prevent infection
897,10045,fayette medical center,1653 temple avenue north,empty,empty,fayette,al,35555,fayette,2059325966,acute care hospitals,voluntary non-profit - other,yes,surgical infection prevention,surgery patients who were given the  right kind  of antibiotic to help prevent infection
898,10045,fayette medical center,1653 temple avenue north,empty,empty,fayette,al,35555,fayette,2059325966,acute care hospitals,voluntary non-profit - other,yes,surgical infection prevention,surgery patients whose preventive antibiotics were stopped at the right time (within 24 hours after surgery)
899,10045,fayette medical center,1653 temple avenue north,empty,empty,fayette,al,35555,fayette,2059325966,acute care hospitals,voluntary non-profit - other,yes,surgical infection prevention,all heart surgery patients whose blood sugar (blood glucose) is kept under good control in the days right after surgery
900,10045,fayette medical center,1653 temple avenue north,empty,empty,fayette,al,35555,fayette,2059325966,acute care hospitals,voluntary non-profit - other,yes,surgical infection prevention,surgery patients needing hair removed from the surgical area before surgery who had hair removed using a safer method (electric clippers or hair removal cream c not a razor)
901,10045,fayette medical center,1653 temple avenue north,empty,empty,fayette,al,35555,fayette,2059325966,acute care hospitals,voluntary non-profit - other,yes,surgical infection prevention,surgery patients whose doctors ordered treatments to prevent blood clots after certain types of surgeries
902,10045,fayette medical center,1653 temple avenue north,empty,empty,fayette,al,35555,fayette,2059325966,acute care hospitals,voluntary non-profit - other,yes,surgical infection prevention,patients who got treatment  at the right time (within 24 hours before or after their surgery) to help prevent blood clots after certain types of surgery
903,10046,riverview regional medical center,600 south third street,empty,empty,gadsden,al,35901,etowah,2565435200,acutexcarexhospitals,proprietary,yes,children s asthma care,childrenxwhoxreceivedxrelieverxmedicationxwhilexhospitalizedxforxasthma
904,10046,rivxrvixw rxgional mxdical cxntxr,600 south third street,empty,empty,gadsden,al,35901,etowah,2565435200,acute care hospitals,proprietary,yes,children s asthma care,children who received systemic corticosteroid medication (oral and iv medication that reduces inflammation and controls symptoms) while hospitalized for asthma
905,10046,riverview regional medical center,600 south third street,empty,empty,gadsden,al,35901,etowah,2565435200,acute care hospitals,proprietary,yes,children s asthma care,children and their caregivers who received a home management plan of care document while hospitalized for asthma
906,10046,riverview regional medical center,600 south third street,empty,empty,gadsden,al,35901,etowah,2565435200,acute care hospitals,proprietary,yes,heart attack,heart attack patients given aspirin at arrival
907,10046,riverview regional medical center,600 south third street,empty,empty,gadsden,al,35901,etowah,2565435200,acute care hospitals,proprietary,yes,heart attack,heart attack patients given aspirin at discharge
908,10046,riverview regional medical center,600 south third street,empty,empty,gadsden,al,35901,etowah,2565435200,acute care hospitals,proprietary,yes,heart attack,heart attack patients given ace inhibitor or arb for left ventricular systolic dysfunction (lvsd)
909,10046,riverview regional medical center,600 south third street,empty,empty,gadsden,al,35901,etowah,2565435200,acute care hospitals,proprietary,yes,heart attack,heart attack patients given smoking cessation advice/counseling
910,10046,riverview regional medical center,600 south third street,empty,empty,gadsden,al,35901,etowah,2565435200,acute care hospitals,proprietary,yes,heart attack,heart attack patients given beta blocker at discharge
911,10046,riverview regional medical center,600 south third street,empty,empty,gadsden,al,35901,etowah,2565435200,acute care hospitals,proprietary,yes,heart attack,heart attack patients given fibrinolytic medication within 30 minutes of arrival
912,10046,riverview regional medical center,600 south third street,empty,empty,gadsden,al,35901,etowah,2565435200,acute care hospitals,proprietary,yes,heart attack,heart attack patients given pci within 90 minutes of arrival
913,10046,riverview regional medical center,600 south third street,empty,empty,gadsden,al,35901,etowah,2565435200,acute care hospitals,proprietary,yes,heart failure,heart failure patients given discharge instructions
914,10046,riverview regional medical center,600 south third street,empty,empty,gadsden,al,35901,etowah,2565435200,acute care hospitals,proprietary,yes,heart failure,heart failure patients given an evaluation of left ventricular systolic (lvs) function
915,10046,riverview regional medical center,600 south third street,empty,empty,gadsden,al,35901,etowah,2565435200,acute care hospitals,proprietary,yes,heart failure,heart failure patients given ace inhibitor or arb for left ventricular systolic dysfunction (lvsd)
916,10046,riverview regional medical center,600 souxh xhird sxreex,empty,empty,gadsden,al,35901,etowah,2565435200,acute care hospitals,proprietary,yes,heart failure,hearx failure paxienxs given smoking cessaxion advice/counseling
917,10046,riverview regional medical center,600 south third street,empty,empty,gadsden,al,35901,etowah,x565435x00,acute care hospitals,proprietary,yes,pneumonia,pneumonia patients assessed and given pneumococcal vaccination
918,10046,riverview regional medical center,600 south third street,empty,empty,gadsden,al,35901,etowxh,2565435200,acute care hospitals,proprietary,yes,pneumonia,pneumonia patients whose initial emergency room blood culture was performed prior to the administration of the first hospital dose of antibiotics
919,10046,riverview regional medical center,600 south third street,empty,empty,gadsden,al,35901,etowah,2565435200,acute care hospitals,proprietary,yes,pneumonia,pneumonia patients given smoking cessation advice/counseling
920,10046,riverview regional medical center,600 south third street,empty,empty,gadsden,al,35901,etowah,2565435200,acute care hospitals,proprietary,yex,pneumonia,pneumonia patients given initial antibiotic(s) within 6 hours after arrival
921,10046,riverview regional medical center,600 south third street,empty,empty,gadsden,al,35901,etowah,2565435200,acute care hospitals,proprietary,yes,pneumonia,pneumonia patients given the most appropriate initial antibiotic(s)
922,10046,xivexview xegional medical centex,600 south third street,empty,empty,gadsden,al,35901,etowah,2565435200,acute care hospitals,proprietary,yxs,pneumonia,pneumonia patients assessed and given influenza vaccination
923,10046,riverview rexional medical center,600 south third street,empty,empty,gadsden,ax,35901,etowah,2565435200,acute care hospitals,proprietary,yes,surgical infection prevention,surgery patients who were taking heart drugs called beta blockers before coming to the hospital who were kept on the beta blockers during the period just before and after their surgery
924,10046,riverview regional medical center,600 south third street,empty,empty,gadsden,al,3590x,etowah,2565435200,acute care hospitals,proprietary,yes,surgical infection prevention,surgery patients who were given an antibiotic at the right time (within one hour before surgery) to help prevent infection
925,10046,riverview regional medical center,600 south third street,empty,empty,gadsden,al,35901,etowah,2565435200,acute care hospitals,proprietary,yes,surgical infection prevention,surgery patients who were given the  right kind  of antibiotic to help prevent infection
926,10046,riverview regional medical center,600 south third street,empty,empty,gadsden,al,35901,etowah,2565435200,acute care hospitals,proprietary,yes,surgical infection prevention,surgery patients whose preventive antibiotics were stopped at the right time (within 24 hours after surgery)
927,10046,riverview regional medical center,600 south third street,empty,empty,gadsden,al,35901,etowah,2565435200,acuxe care hospixals,proprietary,yes,surgical infection prevention,all heart surgery patients whose blood sugar (blood glucose) is kept under good control in the days right after surgery
928,10046,riverview regional medical center,600 south third street,empty,empty,gadsden,al,35901,etowah,2565435200,acute care hospitals,proprietary,yes,surgical infection prevention,surgery patients needing hair removed from the surgical area before surgery who had hair removed using a safer method (electric clippers or hair removal cream c not a razor)
929,10046,riverview regional medical center,600 south third street,empty,empty,gadsden,al,35901,etowah,2565435200,acute care hospitals,proprietary,yes,surgical infection prevention,surgery patients whose doctors ordered treatments to prevent blood clots after certain types of surgeries
930,10046,riverview regional medical center,600 south third street,empty,empty,gadsden,al,35901,etowah,2565435200,acute care hospitals,proprietary,yes,surgical infection prevention,patients who got treatment  at the right time (within 24 hours before or after their surgery) to help prevent blood clots after certain types of surgery
931,10047,georgiana hospital,515 miranda st,empty,empty,georgiana,al,36033,butler,3343762205,acute care hospitals,voluntary non-profit - private,no,heart attack,heart attack patients given aspirin at arrival
932,10047,georgiana hospital,515 miranda st,empty,empty,georgiana,al,36033,butler,3343762205,acute care hospitals,voluntary non-profit - private,no,heart attack,heart attack patients given aspirin at discharge
933,10047,georgiana hospital,515 miranda st,empty,empty,georgiana,al,36033,butler,3343762205,acute care hospitals,voluntary non-profit - private,no,heart attack,heart attack patients given ace inhibitor or arb for left ventricular systolic dysfunction (lvsd)
934,1xx47,georgiana hospital,515 miranda st,empty,empty,georgiana,al,36033,butler,3343762205,acute care hospitals,voluntary non-profit - private,no,heart attack,heart attack patients given smoking cessation advice/counseling
935,10047,georgiana hospital,515 miranda sx,empty,empty,georgiana,al,36033,butler,3343762205,acute care hospitals,voluntary non-profit - private,no,heart attack,heart attack patients given beta blocker at discharge
936,10047,georgiana hospital,515 miranxa st,empty,empty,georgiana,al,36033,butler,3343762205,acute care hospitals,voluntary non-profit - private,no,heart attack,heart attack patients given fibrinolytic medication within 30 minutes of arrival
937,10047,georgiana hospital,515 miranda st,empty,empty,georgiana,al,36033,butler,3343762205,acute care hospitals,voluntary non-profit - private,no,heart attack,heart attack patients given pci within 90 minutes of arrival
938,10047,georgiana hospital,515 miranda st,empty,empty,georgiana,al,36033,butler,3343762205,acute care hospitals,voluntary non-profit - private,no,heart failure,heart failure patients given discharge instructions
939,10047,georgiaxa hospital,515 miranda st,empty,empty,georgiana,al,36033,butler,3343762205,acute care hospitals,voluntary non-profit - private,no,heart failure,heart failure patients given an evaluation of left ventricular systolic (lvs) function
940,10047,georgiana hospital,515 miranda st,empty,empty,georgiana,al,36033,butler,3343762205,acute care hospitals,voluntary non-profit - private,no,heart failure,heart failure patients given ace inhibitor or arb for left ventricular systolic dysfunction (lvsd)
941,10047,georgiana hospital,515 miranda st,empty,empty,georgiana,al,36033,butler,3343762205,acute care hospitals,voluntary non-profit - private,no,heart failure,heart failure patients given smoking cessation advice/counseling
942,10047,georgiana hospital,515 miranda st,empty,empty,georgiana,al,36033,butler,3343762205,acute care hospitals,voluntary non-profit - private,no,pneumonia,pneumonia patients assessed and given pneumococcal vaccination
943,10047,georgiana hospital,515 miranda st,empty,empty,georgiana,al,36033,butler,3343762205,acute care hospitals,voluntary non-profit - private,no,pneumonia,pneumonia patients whose initial emergency room blood culture was performed prior to the administration of the first hospital dose of antibiotics
944,10047,georgiana hospital,515 miranda st,empty,empty,georgiana,al,36033,butxer,3343762205,acute care hospitals,voluntary non-profit - private,no,pneumonia,pneumonia patients given smoking cessation advice/counseling
945,10047,georgiana hospital,515 miranda st,empty,empty,georgiana,al,36033,butler,3343762205,acute care hospitals,voluntary non-profit - private,no,pneumonia,pneumonia patients given initial antibiotic(s) within 6 hours after arrival
946,10047,georgiana hospital,515 mirxndx st,empty,empty,georgiana,al,36033,butler,3343762205,acute care hospitals,voluntary non-profit - private,no,pneumonia,pneumonia patients given the most appropriate initial antibiotic(s)
947,10047,georgiana hospital,515 miranda st,empty,empty,georgiana,al,36033,butler,3343762205,acute care hospitals,voluntary non-profit - private,no,pneumonia,pneumonia patients assessed and given influenza vaccination
948,10047,georgiana hospital,515 miranda st,empty,empty,georgiana,al,36033,butler,3343762205,acute care hospitals,voluntary non-profit - private,no,surgical infection prevention,surgery patients who were taking heart drugs called beta blockers before coming to the hospital who were kept on the beta blockers during the period just before and after their surgery
949,10047,georgiana hospital,515 miranda st,empty,empty,georgiana,al,36033,butler,3343762205,acute care hospitals,voluntary non-profit - private,no,surgical infection prevention,surgery patients who were given an antibiotic at the right time (within one hour before surgery) to help prevent infection
950,10047,georgiana hospital,515 miranda st,empty,empty,geoxgiana,al,36033,butler,3343762205,acute care hosxitals,voluntary non-profit - private,no,surgical infection prevention,surgery patients who were given the  right kind  of antibiotic to help prevent infection
951,10047,georgiana hospital,515 miranda st,empty,empty,georgiana,al,36033,butler,3343762205,acute care hospitals,voluntary non-profit - private,no,surgical infection prevention,surgery patients whose preventive antibiotics were stopped at the right time (within 24 hours after surgery)
952,10047,georgiana hospital,515 miranda st,empty,empty,georgiana,al,36033,butler,3343762205,acute care hospitals,voluntary non-profit - private,no,surgical infection prevention,all heart surgery patients whose blood sugar (blood glucose) is kept under good control in the days right after surgery
953,10047,georgiana hospital,515 miranda st,empty,empty,georgiana,al,36033,butler,3343762205,acute care hospitals,voluntary non-profit - private,no,surgical infection prevention,surgery patients needing hair removed from the surgical area before surgery who had hair removed using a safer method (electric clippers or hair removal cream c not a razor)
954,10047,georgiana hospital,515 miranda st,empty,empty,georgiana,al,36033,butler,3343762205,acute care hospitals,voluntary non-profit - private,no,surgical infection prevention,surgery patients whose doctors ordered treatments to prevent blood clots after certain types of surgeries
955,10047,georgiana hospital,515 miranda st,empty,empty,georgiana,al,36033,butler,3343762205,acute care hospitals,voluntary non-profit - private,no,surgical infection prevention,patients who got treatment  at the right time (within 24 hours before or after their surgery) to help prevent blood clots after certain types of surgery
956,1004x,medical center enterprise,400 n edwards street,empty,empty,enterprise,al,36330,coffee,3343470584,acute care hospitals,proprietary,yes,hexrt attxck,heart attack patients given aspirin at arrival
957,10049,medixal xenter enterprise,400xnxedwardsxstreet,empty,empty,enterprise,al,36330,coffee,3343470584,acute xare hospitals,proprietary,yes,heart attack,heart attack patients given aspirin at discharge
958,10049,medical center enterprise,400 n edwards street,empty,empty,enterprise,al,36330,coffee,3343470584,acute care hospitals,proprietary,yes,heart attack,heart attack patients given ace inhibitor or arb for left ventricular systolic dysfunction (lvsd)
959,10049,medical center enterprise,400 n edwards street,empty,empty,enterprise,al,36330,coffee,3343470584,acute care hospitals,proprietary,yes,heart attack,heart attack patients given smoking cessation advice/counseling
960,10049,medical center enterprise,400 n edwards street,empty,empty,enterprise,al,36330,coffee,3343470584,acute care hospitals,proprietary,yes,heart attack,heart attack patients given beta blocker at discharge
961,10049,medical center enterprise,400 n edwards street,empty,empty,enterprxse,al,36330,coffee,3343470584,acute care hospitals,proprietary,yes,heart attack,heart attack patients given fibrinolytic medication within 30 minutes of arrival
962,10049,medical center enterprise,400 n edwards street,empty,empty,enterprise,al,36330,coffee,3343470584,acute care hospitals,proprietary,yes,heart attack,heart attack patients given pci within 90 minutes of arrival
963,10049,medxcal center enterprxse,400 n edwards street,empty,empty,enterprise,al,36330,coffee,3343470584,acute care hospitals,proprietary,yes,heart failure,heart failure patients given discharge instructions
964,10049,medical center enterprise,400 n edwards street,empty,empty,enterprise,al,36330,coffee,3343470584,acute care hospitals,proprietary,yes,heart failure,heart failure patients given an evaluation of left ventricular systolic (lvs) function
965,10049,medical center enterprise,400 n edwards street,empty,empty,enterprise,al,36330,coffee,3343470584,acutexcarexhospitals,proprietary,yes,heart failure,heart failure patients given ace inhibitor or arb for left ventricular systolic dysfunction (lvsd)
966,10049,medical center enterprise,400 n edwards street,empty,empty,enterprise,al,36330,coffee,3343470584,acute care hospitals,proprietary,yes,heart failure,heart failure patients given smoking cessation advice/counseling
967,10049,medical center enterprise,400 n edwards street,empty,empty,enterprise,al,36330,cxffee,3343470584,acute care hospitals,proprietary,yes,pneumonia,pneumonia patients assessed and given pneumococcal vaccination
968,10049,medical center enterprise,400 n edwards street,empty,empty,enterprise,al,36330,coffee,3343470584,acute care hospitals,proprietary,yes,pneumonia,pneumonia patients whose initial emergency room blood culture was performed prior to the administration of the first hospital dose of antibiotics
969,10049,medical center enterprise,400 n edwards street,empty,empty,xntxrprisx,al,36330,coffee,3343470584,acute care hospitals,proprietary,yes,pneumonia,pneumonia patients given smoking cessation advice/counseling
970,10049,medical center enterprise,400 n edwards street,empty,empty,enterprise,al,36330,coffee,3343470584,acute care hospitals,proprietary,yes,pneumonia,pneumonia patients given initial antibiotic(s) within 6 hours after arrival
971,10049,medical center enterprise,400 n edwards street,empty,empty,enterprise,al,36330,coffee,3343470584,acute care hospitals,proprietary,yes,pneumonia,pneumonia patients given the most appropriate initial antibiotic(s)
972,10049,medical center enterprise,400 n edwards street,empty,empty,enterprise,al,36330,coffee,3343470584,acute care hospitals,proprietary,yes,pneumonia,pneumonia patients assessed and given influenza vaccination
973,10049,medical center enterprise,400 n edwards street,empty,empty,enterprise,al,36330,coffee,3343470584,acute care hospitals,proprietary,yes,surgical infection prevention,surgery patients who were taking heart drugs called beta blockers before coming to the hospital who were kept on the beta blockers during the period just before and after their surgery
974,10049,medical center enterprise,400 n edwards street,empty,empty,enterprise,al,36330,coffee,3343470584,acute care hospitals,proprietary,yes,surgical infection prevention,surgery patients who were given an antibiotic at the right time (within one hour before surgery) to help prevent infection
975,10049,medical center enterprise,400 n edwards street,empty,empty,enterprise,al,36330,coffee,3343470584,acute care hospitals,proprietary,yes,surgical xnfection prevention,surgery patients who were given the  right kind  of antibiotic to help prevent infection
976,10049,medical center enterprise,400 n edwards street,empty,empty,enterprise,al,36330,coffee,3343470584,acute care hospitals,proprietary,yes,surgical infection prevention,surgery patients whose preventive antibiotics were stopped at the right time (within 24 hours after surgery)
977,10049,medical center enterprise,400 n edwards street,empty,empty,enterprise,al,36330,coffee,3343470584,acutexcarexhospitals,proprietary,yes,surgical infection prevention,all heart surgery patients whose blood sugar (blood glucose) is kept under good control in the days right after surgery
978,10049,medical center enterprise,400 n edwards street,empty,empty,enterprise,al,36330,coffee,3343470584,acute care hospitals,proprietary,yes,surgical infection prevention,surgery patients needing hair removed from the surgical area before surgery who had hair removed using a safer method (electric clippers or hair removal cream c not a razor)
979,10049,medical center enterprise,400 n edwards street,empty,empty,enterprise,al,36330,coffee,3343470584,acute care hospitals,proprietary,yes,surgical infection prevention,surgery patients whose doctors ordered treatments to prevent blood clots after certain types of surgeries
980,10049,medical center enterprise,400 n edwards street,empty,empty,enterprise,al,36330,coffee,3343470584,acute care hospitals,proprietary,yes,surgical infection prevention,patients who got treatment  at the right time (within 24 hours before or after their surgery) to help prevent blood clots after certain types of surgery
981,10050,st vincents blount,150 gilbreath drive,empty,empty,oneonta,al,35121,blount,2052743000,acute care hospitals,voluntary non-profit - private,yes,heart attack,heart attack patients given aspirin at arrival
982,10050,st vincents blount,150 gilbreath drive,empty,empty,oneonta,al,35121,blount,2052743000,acute care hospitals,voluntary non-profit - private,yes,heart attack,heart attack patients given aspirin at discharge
983,10050,st vincents blount,150 gilbreath drive,empty,empty,oneonta,al,35121,blount,2052743000,acute care hospitals,voluntary non-profit - private,yes,heart attack,heart attack patients given ace inhibitor or arb for left ventricular systolic dysfunction (lvsd)
984,10050,st vincents blount,150 gilbreath drive,empty,empty,oneonta,al,35121,blount,2052743000,acute care hospitals,voluntary non-profit - private,yes,heart attack,heart attack patients given smoking cessation advice/counseling
985,10050,st vincents blount,150 gilbreath drive,empty,empty,oneonta,al,35121,blount,2052743000,acute care hospitals,voluntary non-profit - private,yes,heart attack,heart attack patients given beta blocker at discharge
986,10050,st vincents blount,150 gilbreath drive,empty,empty,onxonta,al,35121,blount,2052743000,acute care hospitals,voluntary non-profit - private,yes,heart attack,heart attack patients given fibrinolytic medication within 30 minutes of arrival
987,10050,st vincents blount,150 gilxreath drive,empty,empty,oneonta,al,35121,blount,2052743000,acute care hospitals,voluntary non-profit - private,yes,heart attack,heart attack patients given pci within 90 minutes of arrival
988,10050,st vincents bxount,150 gilbreath drive,empty,empty,oneonta,al,35121,blount,2052743000,acute care hospitals,voluntary non-profit - private,yes,heart failure,heart failure patients given discharge instructions
989,10050,st vincents blount,150 gilbreath drive,empty,empty,oneonta,al,35121,blount,2052743000,acute care hospitals,voluntary non-profit - private,yes,heart failure,heart failure patients given an evaluation of left ventricular systolic (lvs) function
990,10050,st vincents blount,150 gilbreath drive,empty,empty,oneonta,al,35121,blount,2052743000,acute care hospitals,voluntary non-profit - private,yes,heart failure,heart failure patients given ace inhibitor or arb for left ventricular systolic dysfunction (lvsd)
991,10050,st vincents blount,150 gilbreath drive,empty,empty,oneonta,al,35121,blount,2052743000,acute care hospitals,voluntary non-profit - private,yes,heart failure,heart failure patients given smoking cessation advice/counseling
992,10050,st vincents blount,150 gilbreath drive,empty,empty,oneonta,al,35121,blount,2052743000,acute care hospitals,voluntary non-profit - private,yes,pneumonia,pneumonia patients assessed and given pneumococcal vaccination
993,10050,st vincents blount,150 gilbreath drive,empty,empty,oneonta,al,35121,blount,2052743000,acute care hospitals,voluntary non-profit - private,yes,pneumonia,pneumonia patients whose initial emergency room blood culture was performed prior to the administration of the first hospital dose of antibiotics
994,10050,st vincents blount,150 gilbreath drive,empty,empty,oneonta,al,35121,blount,2052743000,acute care hospitals,voluntary non-profit - private,yes,pneumonia,pneumonia patients given smoking cessation advice/counseling
995,10050,st vincents blount,150 gilbreath drive,empty,empty,oneonta,al,35121,blount,2052743000,acute care hospitals,voluntary non-profit - private,yes,pneumonia,pneumonia patients given initial antibiotic(s) within 6 hours after arrival
996,10050,st vincents blount,150 gilbreath drive,empty,empty,oneonta,al,35121,blount,2052743000,acute care hospitals,voluntary non-profit - private,yes,pneumonia,pneumonia patients given the most appropriate initial antibiotic(s)
997,10050,st vincents blount,150 gilbreath drive,empty,empty,oneonta,al,35121,blount,2052743000,acute care hospitals,voluntary non-profit - private,yes,pneumonia,pneumonia patients assessed and given influenza vaccination
998,10050,st vincents blount,150 gilbreath drive,empty,empty,oneonta,al,35121,blount,2052743000,acute care hospitals,voluntary non-profit - private,yes,surgical infection prevention,surgery pxtients who were txking hexrt drugs cxlled betx blockers before coming to the hospitxl who were kept on the betx blockers during the period just before xnd xfter their surgery
999,10050,st vincents blount,150 gilbreath drive,empty,empty,oneonta,al,35121,blount,2052743000,acute care hospitals,voluntary non-profit - private,yes,surgical infection prevention,surgery patients who were given an antibiotic at the right time (within one hour before surgery) to help prevent infection
1000,10050,st vincents blount,150 gilbreath drive,empty,empty,oneonta,al,35121,blount,2052743000,acute care hospitals,voluntary non-profit - private,yes,surgical infection prevention,surgery patients who were given the  right kind  of antibiotic to help prevent infection
